timestamp,timeframe,direction,confidence,regime_mult,atr_mult,market_price,win_prob,entry_close,exit_close,bet_usdc,outcome,pnl,bankroll
2026-01-13 13:25 UTC,5m,UP,0.041,1.0,0.6,0.497,0.522,92139.99,92284.0,1.23,WIN,1.2,101.2
2026-01-13 16:00 UTC,5m,UP,0.188,1.0,1.2,0.493,0.531,93593.05,93493.38,4.03,LOSS,-4.03,97.17
2026-01-13 19:50 UTC,5m,UP,0.185,1.0,0.6,0.501,0.531,94199.99,94226.84,1.48,WIN,1.42,98.59
2026-01-13 20:50 UTC,5m,UP,0.106,1.0,0.6,0.493,0.526,94325.75,94408.7,1.67,WIN,1.65,100.24
2026-01-13 23:00 UTC,5m,UP,0.21,1.0,1.2,0.51,0.533,95856.82,95748.39,2.18,LOSS,-2.18,98.06
2026-01-14 06:35 UTC,5m,UP,0.121,1.0,1.0,0.488,0.527,94777.57,94889.75,3.31,WIN,3.34,101.4
2026-01-14 07:40 UTC,5m,UP,0.14,1.0,1.0,0.489,0.528,95018.33,95183.84,3.45,WIN,3.46,104.86
2026-01-14 07:45 UTC,5m,UP,0.166,1.0,1.0,0.511,0.53,95183.84,95213.24,1.51,WIN,1.39,106.25
2026-01-14 14:20 UTC,5m,UP,0.235,1.0,1.2,0.495,0.534,95799.99,95628.0,4.35,LOSS,-4.35,101.9
2026-01-14 15:30 UTC,5m,UP,0.132,1.0,1.2,0.498,0.528,96844.03,96505.53,3.07,LOSS,-3.07,98.83
2026-01-15 03:25 UTC,5m,DOWN,0.242,1.0,0.6,0.417,0.535,95919.86,96050.24,2.23,LOSS,-2.23,96.6
2026-01-15 09:40 UTC,5m,UP,0.258,1.0,1.0,0.511,0.535,97080.4,97039.07,1.94,LOSS,-1.94,94.66
2026-01-15 14:35 UTC,5m,DOWN,0.212,0.4,1.2,0.416,0.533,96203.24,95825.51,1.82,WIN,2.45,97.11
2026-01-15 14:40 UTC,5m,DOWN,0.233,1.0,1.2,0.416,0.534,95825.51,96014.58,4.53,LOSS,-4.53,92.58
2026-01-15 14:55 UTC,5m,DOWN,0.183,1.0,1.2,0.412,0.531,96063.43,96103.79,4.63,LOSS,-4.63,87.95
2026-01-15 15:20 UTC,5m,DOWN,0.214,1.0,1.2,0.441,0.533,96033.87,95894.83,2.02,WIN,2.46,90.41
2026-01-15 15:35 UTC,5m,DOWN,0.199,1.0,1.2,0.441,0.532,95685.8,95880.69,2.16,LOSS,-2.16,88.25
2026-01-15 15:45 UTC,5m,DOWN,0.19,1.0,1.2,0.453,0.531,95475.0,95688.14,1.04,LOSS,-1.04,87.21
2026-01-16 01:05 UTC,5m,DOWN,0.048,1.0,0.6,0.449,0.523,95500.08,95473.58,1.11,WIN,1.31,88.52
2026-01-16 02:00 UTC,5m,DOWN,0.106,1.0,1.0,0.451,0.526,95474.3,95495.09,1.44,LOSS,-1.44,87.08
2026-01-16 13:35 UTC,5m,DOWN,0.14,1.0,1.0,0.449,0.528,95330.93,95421.75,1.4,LOSS,-1.4,85.68
2026-01-16 15:15 UTC,5m,DOWN,0.287,1.0,1.2,0.354,0.537,94902.48,95031.05,4.28,LOSS,-4.28,81.4
2026-01-16 15:25 UTC,5m,DOWN,0.166,1.0,1.2,0.413,0.53,94721.91,94564.86,4.07,WIN,5.55,86.95
2026-01-16 20:00 UTC,5m,DOWN,0.142,1.0,0.6,0.441,0.529,94861.2,94723.17,1.2,WIN,1.46,88.41
2026-01-17 15:05 UTC,5m,UP,0.068,1.0,1.2,0.491,0.524,95561.74,95500.01,2.96,LOSS,-2.96,85.45
2026-01-18 01:05 UTC,5m,DOWN,0.181,1.0,1.0,0.444,0.531,94895.99,94950.04,1.56,LOSS,-1.56,83.89
2026-01-18 23:20 UTC,5m,DOWN,0.23,1.0,1.2,0.45,0.534,94948.6,94607.18,1.03,WIN,1.21,85.1
2026-01-18 23:25 UTC,5m,DOWN,0.313,1.0,1.2,0.434,0.539,94607.18,94590.15,2.02,WIN,2.53,87.63
2026-01-18 23:45 UTC,5m,DOWN,0.454,1.0,1.2,0.374,0.547,93860.71,93740.04,4.38,WIN,7.03,94.66
2026-01-19 00:00 UTC,5m,DOWN,0.534,1.0,1.2,0.386,0.552,92977.7,92881.51,4.73,WIN,7.22,101.88
2026-01-19 00:05 UTC,5m,DOWN,0.328,1.0,1.2,0.442,0.54,92881.51,92448.61,1.47,WIN,1.78,103.66
2026-01-19 00:10 UTC,5m,DOWN,0.445,1.0,1.2,0.401,0.547,92448.61,92792.38,4.95,LOSS,-4.95,98.71
2026-01-19 00:20 UTC,5m,DOWN,0.298,1.0,1.2,0.439,0.538,92604.88,92638.36,1.93,LOSS,-1.93,96.78
2026-01-19 01:20 UTC,5m,DOWN,0.051,1.0,1.0,0.436,0.523,92646.15,92564.42,3.11,WIN,3.86,100.64
2026-01-19 03:20 UTC,5m,DOWN,0.094,1.0,0.6,0.445,0.526,92532.38,92548.12,1.34,LOSS,-1.34,99.3
2026-01-19 08:25 UTC,5m,DOWN,0.157,1.0,1.0,0.454,0.529,92974.99,93113.28,1.06,LOSS,-1.06,98.24
2026-01-19 22:55 UTC,5m,DOWN,0.221,1.0,1.2,0.427,0.533,92565.78,92544.91,3.61,WIN,4.65,102.89
2026-01-20 05:00 UTC,5m,DOWN,0.364,1.0,1.0,0.429,0.542,91640.0,91606.17,2.2,WIN,2.81,105.7
2026-01-20 05:10 UTC,5m,DOWN,0.305,1.0,1.0,0.425,0.538,91412.07,91667.0,2.94,LOSS,-2.94,102.76
2026-01-20 06:15 UTC,5m,DOWN,0.304,1.0,1.0,0.382,0.538,90915.83,91194.94,5.14,LOSS,-5.14,97.62
2026-01-20 08:35 UTC,5m,DOWN,0.144,1.0,0.6,0.43,0.529,90752.36,90855.29,1.88,LOSS,-1.88,95.74
2026-01-20 13:00 UTC,5m,DOWN,0.105,1.0,1.0,0.424,0.526,91083.05,91024.18,3.75,WIN,4.89,100.63
2026-01-20 14:15 UTC,5m,DOWN,0.162,1.0,1.2,0.404,0.53,90756.91,90939.26,5.03,LOSS,-5.03,95.6
2026-01-20 14:30 UTC,5m,DOWN,0.078,1.0,1.2,0.431,0.525,90809.16,91268.75,4.0,LOSS,-4.0,91.6
2026-01-20 14:45 UTC,5m,DOWN,0.279,1.0,1.2,0.391,0.537,90449.78,90471.4,4.58,LOSS,-4.58,87.02
2026-01-20 15:00 UTC,5m,DOWN,0.129,1.0,1.2,0.418,0.528,90321.0,89956.99,4.35,WIN,5.82,92.84
2026-01-20 15:05 UTC,5m,DOWN,0.22,1.0,1.2,0.445,0.533,89956.99,90304.51,1.7,LOSS,-1.7,91.14
2026-01-20 16:40 UTC,5m,DOWN,0.186,1.0,1.0,0.429,0.531,90128.04,90116.31,2.81,WIN,3.59,94.73
2026-01-20 17:30 UTC,5m,DOWN,0.211,1.0,0.6,0.439,0.533,89972.19,89744.01,1.19,WIN,1.46,96.19
2026-01-20 22:30 UTC,5m,DOWN,0.551,1.0,1.0,0.35,0.553,88238.58,88559.32,4.81,LOSS,-4.81,91.38
2026-01-20 23:00 UTC,5m,DOWN,0.287,1.0,1.2,0.436,0.537,88155.01,88158.93,2.14,LOSS,-2.14,89.24
2026-01-21 07:35 UTC,5m,DOWN,0.249,1.0,1.0,0.428,0.535,89207.85,89228.16,2.52,LOSS,-2.52,86.72
2026-01-21 07:50 UTC,5m,DOWN,0.173,1.0,1.0,0.435,0.53,89118.18,89213.95,2.29,LOSS,-2.29,84.43
2026-01-21 08:10 UTC,5m,DOWN,0.188,1.0,1.0,0.435,0.531,89163.12,89300.0,2.17,LOSS,-2.17,82.26
2026-01-21 12:05 UTC,5m,DOWN,0.237,1.0,1.0,0.439,0.534,88597.66,88384.03,1.61,WIN,1.98,84.24
2026-01-21 16:40 UTC,5m,DOWN,0.473,1.0,1.0,0.35,0.548,88157.41,88629.98,4.21,LOSS,-4.21,80.03
2026-01-21 16:50 UTC,5m,DOWN,0.28,1.0,1.0,0.426,0.537,88284.32,87602.4,2.26,WIN,2.92,82.95
2026-01-21 16:55 UTC,5m,DOWN,0.437,1.0,1.2,0.359,0.546,87602.4,88090.28,4.15,LOSS,-4.15,78.8
2026-01-21 17:10 UTC,5m,DOWN,0.349,1.0,1.2,0.373,0.541,87323.05,87773.0,3.94,LOSS,-3.94,74.86
2026-01-22 01:00 UTC,5m,UP,0.278,1.0,0.6,0.498,0.537,89999.04,89956.95,1.52,LOSS,-1.52,73.34
2026-01-22 14:40 UTC,5m,DOWN,0.118,1.0,1.2,0.436,0.527,89486.1,89108.18,2.51,WIN,3.12,76.46
2026-01-22 14:45 UTC,5m,DOWN,0.248,1.0,1.2,0.394,0.535,89108.18,89390.5,3.82,LOSS,-3.82,72.64
2026-01-22 15:20 UTC,5m,DOWN,0.222,1.0,1.2,0.398,0.533,88842.48,88658.05,3.63,WIN,5.27,77.91
2026-01-22 21:40 UTC,5m,DOWN,0.114,1.0,0.6,0.436,0.527,89392.01,89341.19,1.34,WIN,1.66,79.57
2026-01-22 23:00 UTC,5m,DOWN,0.086,1.0,0.6,0.439,0.525,89181.36,89292.4,1.32,LOSS,-1.32,78.25
2026-01-23 02:10 UTC,5m,UP,0.166,1.0,0.6,0.501,0.53,89950.34,89874.43,1.14,LOSS,-1.14,77.11
2026-01-23 08:30 UTC,5m,DOWN,0.256,1.0,1.0,0.435,0.535,89214.0,89242.35,1.7,LOSS,-1.7,75.41
2026-01-23 14:20 UTC,5m,UP,0.128,1.0,1.0,0.502,0.528,89604.47,89685.93,1.58,WIN,1.51,76.92
2026-01-23 14:35 UTC,5m,DOWN,0.274,0.4,1.2,0.358,0.536,88671.64,88965.48,2.91,LOSS,-2.91,74.01
2026-01-23 17:35 UTC,5m,UP,0.209,1.0,1.0,0.489,0.533,90965.05,90831.33,2.82,LOSS,-2.82,71.19
2026-01-25 18:40 UTC,5m,DOWN,0.295,1.0,1.0,0.389,0.538,87079.93,87285.77,3.56,LOSS,-3.56,67.63
2026-01-25 19:20 UTC,5m,DOWN,0.27,1.0,1.2,0.398,0.536,86750.07,86482.18,3.38,WIN,4.91,72.54
2026-01-25 19:25 UTC,5m,DOWN,0.265,1.0,1.2,0.443,0.536,86482.18,86446.95,1.27,WIN,1.53,74.07
2026-01-25 21:30 UTC,5m,DOWN,0.153,1.0,0.6,0.419,0.529,86633.79,86400.55,1.81,WIN,2.41,76.48
2026-01-26 03:50 UTC,5m,DOWN,0.224,1.0,0.6,0.437,0.533,87165.42,87282.05,1.01,LOSS,-1.01,75.47
2026-01-26 23:25 UTC,5m,UP,0.175,1.0,0.6,0.492,0.53,88462.78,88550.01,1.51,WIN,1.5,76.97
2026-01-27 02:35 UTC,5m,UP,0.118,1.0,1.0,0.486,0.527,88751.95,88738.71,2.73,LOSS,-2.73,74.24
2026-01-27 17:15 UTC,5m,DOWN,0.277,0.4,1.0,0.377,0.537,87631.41,87764.22,1.96,LOSS,-1.96,72.28
2026-01-27 23:25 UTC,5m,UP,0.185,1.0,0.6,0.488,0.531,89502.7,89461.41,1.63,LOSS,-1.63,70.65
2026-01-28 05:45 UTC,5m,UP,0.041,1.0,0.6,0.493,0.522,88995.51,88990.83,1.03,LOSS,-1.03,69.62
2026-01-28 13:40 UTC,5m,UP,0.238,1.0,1.0,0.499,0.534,90415.58,90347.51,2.13,LOSS,-2.13,67.49
2026-01-28 21:00 UTC,5m,DOWN,0.152,1.0,0.6,0.432,0.529,88979.99,89065.75,1.22,LOSS,-1.22,66.27
2026-01-29 01:25 UTC,5m,DOWN,0.092,1.0,1.0,0.439,0.526,88831.59,88774.01,1.82,WIN,2.23,68.5
2026-01-29 02:45 UTC,5m,DOWN,0.357,1.0,1.2,0.4,0.541,87845.75,87792.39,3.42,WIN,4.92,73.42
2026-01-29 08:05 UTC,5m,DOWN,0.199,1.0,1.0,0.411,0.532,87996.25,87950.01,3.27,WIN,4.5,77.92
2026-01-29 14:50 UTC,5m,DOWN,0.248,1.0,1.2,0.424,0.535,87463.66,87014.4,2.96,WIN,3.86,81.78
2026-01-29 14:55 UTC,5m,DOWN,0.343,1.0,1.2,0.42,0.541,87014.4,86539.99,2.94,WIN,3.9,85.68
2026-01-29 15:00 UTC,5m,DOWN,0.38,1.0,1.2,0.417,0.543,86539.99,86118.5,3.13,WIN,4.2,89.88
2026-01-29 15:05 UTC,5m,DOWN,0.396,1.0,1.2,0.405,0.544,86118.5,85338.76,4.23,WIN,5.97,95.85
2026-01-29 15:10 UTC,5m,DOWN,0.551,1.0,1.2,0.35,0.553,85338.76,85547.05,4.79,LOSS,-4.79,91.06
2026-01-29 15:35 UTC,5m,DOWN,0.329,1.0,1.2,0.421,0.54,85100.01,84619.99,3.26,WIN,4.3,95.36
2026-01-29 15:40 UTC,5m,DOWN,0.433,1.0,1.2,0.421,0.546,84619.99,84488.0,2.79,WIN,3.68,99.04
2026-01-29 17:35 UTC,5m,DOWN,0.1,1.0,1.0,0.454,0.526,84923.6,84880.32,1.37,WIN,1.58,100.62
2026-01-29 18:50 UTC,5m,DOWN,0.31,1.0,0.6,0.424,0.539,83568.45,83477.02,1.71,WIN,2.23,102.85
2026-01-30 00:50 UTC,5m,DOWN,0.253,1.0,0.6,0.405,0.535,84195.91,84192.0,2.87,WIN,4.05,106.9
2026-01-30 01:20 UTC,5m,DOWN,0.262,1.0,1.0,0.445,0.536,83836.84,83772.92,1.39,WIN,1.66,108.56
2026-01-30 01:35 UTC,5m,DOWN,0.576,1.0,1.2,0.35,0.555,82885.07,82035.92,5.43,WIN,9.67,118.23
2026-01-30 01:40 UTC,5m,DOWN,0.599,1.0,1.2,0.35,0.556,82035.92,82018.85,5.91,WIN,10.52,128.75
2026-01-30 09:45 UTC,5m,DOWN,0.138,1.0,0.6,0.45,0.528,82290.01,82361.07,1.18,LOSS,-1.18,127.57
2026-01-30 12:05 UTC,5m,DOWN,0.099,1.0,1.0,0.428,0.526,83038.66,82933.28,4.62,WIN,5.93,133.5
2026-01-30 14:40 UTC,5m,UP,0.235,1.0,1.0,0.518,0.534,83650.86,83515.68,1.55,LOSS,-1.55,131.95
2026-01-30 17:30 UTC,5m,DOWN,0.162,0.4,1.0,0.43,0.53,82990.46,83050.66,1.65,LOSS,-1.65,130.3
2026-01-30 18:15 UTC,5m,DOWN,0.292,1.0,0.6,0.35,0.538,82232.62,82029.96,6.51,WIN,11.59,141.89
2026-01-30 18:20 UTC,5m,DOWN,0.136,1.0,1.0,0.445,0.528,82029.96,82496.94,2.82,LOSS,-2.82,139.07
2026-01-30 20:40 UTC,5m,UP,0.143,1.0,0.6,0.51,0.529,83965.15,84000.88,1.17,WIN,1.08,140.15
2026-01-31 07:30 UTC,5m,DOWN,0.156,0.4,1.2,0.436,0.529,83544.79,83470.11,1.78,WIN,2.21,142.36
2026-01-31 12:10 UTC,5m,DOWN,0.158,1.0,0.6,0.422,0.529,82842.66,83005.61,3.24,LOSS,-3.24,139.12
2026-01-31 14:10 UTC,5m,DOWN,0.124,1.0,1.0,0.453,0.527,82449.53,82273.29,1.87,WIN,2.17,141.29
2026-01-31 14:20 UTC,5m,DOWN,0.277,1.0,1.2,0.414,0.537,81967.6,81588.0,6.48,WIN,8.81,150.1
2026-01-31 14:25 UTC,5m,DOWN,0.346,1.0,1.2,0.399,0.541,81588.0,81459.33,7.5,WIN,10.84,160.94
2026-01-31 14:35 UTC,5m,DOWN,0.385,1.0,1.2,0.372,0.543,81058.94,80995.78,8.05,WIN,13.04,173.98
2026-01-31 16:45 UTC,5m,DOWN,0.263,1.0,1.2,0.369,0.536,80452.64,80161.65,8.7,WIN,14.27,188.25
2026-01-31 16:50 UTC,5m,DOWN,0.197,1.0,1.2,0.427,0.532,80161.65,80365.04,7.19,LOSS,-7.19,181.06
2026-01-31 17:05 UTC,5m,DOWN,0.435,1.0,1.2,0.35,0.546,79507.43,78846.77,9.05,WIN,16.11,197.17
2026-01-31 17:10 UTC,5m,DOWN,0.412,1.0,1.2,0.35,0.545,78846.77,79075.41,9.86,LOSS,-9.86,187.31
2026-01-31 18:35 UTC,5m,DOWN,0.483,1.0,0.6,0.35,0.549,77548.79,77540.28,8.37,WIN,14.9,202.21
2026-02-01 05:40 UTC,5m,DOWN,0.155,1.0,0.6,0.43,0.529,78581.34,78556.58,3.83,WIN,4.88,207.09
2026-02-01 06:35 UTC,5m,DOWN,0.229,1.0,0.6,0.42,0.534,78519.99,78526.02,4.46,LOSS,-4.46,202.63
2026-02-01 06:45 UTC,5m,DOWN,0.231,1.0,0.6,0.418,0.534,78317.62,78362.67,4.54,LOSS,-4.54,198.09
2026-02-01 08:45 UTC,5m,DOWN,0.114,1.0,1.0,0.436,0.527,78677.11,78614.41,5.7,WIN,7.08,205.17
2026-02-01 10:40 UTC,5m,DOWN,0.114,1.0,1.0,0.438,0.527,78384.93,78482.51,5.55,LOSS,-5.55,199.62
2026-02-01 10:50 UTC,5m,DOWN,0.112,1.0,1.0,0.435,0.527,78371.83,78279.73,5.93,WIN,7.4,207.02
2026-02-01 10:55 UTC,5m,DOWN,0.112,1.0,1.0,0.439,0.527,78279.73,78446.98,5.45,LOSS,-5.45,201.57
2026-02-01 12:20 UTC,5m,DOWN,0.152,1.0,0.6,0.415,0.529,78305.0,78446.68,5.3,LOSS,-5.3,196.27
2026-02-01 14:25 UTC,5m,DOWN,0.308,1.0,1.0,0.42,0.538,77849.34,77501.06,6.23,WIN,8.26,204.53
2026-02-01 14:30 UTC,5m,DOWN,0.39,1.0,1.0,0.405,0.543,77501.06,77408.04,8.08,WIN,11.39,215.92
2026-02-01 15:15 UTC,5m,DOWN,0.228,1.0,1.2,0.444,0.534,77310.1,77383.71,4.07,LOSS,-4.07,211.85
2026-02-01 15:25 UTC,5m,DOWN,0.269,1.0,1.2,0.43,0.536,76984.0,77052.22,6.49,LOSS,-6.49,205.36
2026-02-01 18:20 UTC,5m,DOWN,0.119,0.4,0.6,0.424,0.527,78061.71,78155.34,1.89,LOSS,-1.89,203.47
2026-02-01 20:00 UTC,5m,DOWN,0.223,1.0,0.6,0.445,0.533,77054.0,77180.7,1.84,LOSS,-1.84,201.63
2026-02-01 20:25 UTC,5m,DOWN,0.457,1.0,0.6,0.37,0.547,76688.74,77117.02,7.51,LOSS,-7.51,194.12
2026-02-01 21:05 UTC,5m,DOWN,0.223,1.0,1.0,0.365,0.533,76461.4,76742.48,9.71,LOSS,-9.71,184.41
2026-02-01 23:00 UTC,5m,DOWN,0.092,1.0,1.0,0.452,0.526,77071.41,76008.07,2.97,WIN,3.46,187.87
2026-02-01 23:05 UTC,5m,DOWN,0.334,1.0,1.0,0.35,0.54,76008.07,76639.72,9.39,LOSS,-9.39,178.48
2026-02-01 23:15 UTC,5m,DOWN,0.183,1.0,1.2,0.427,0.531,76291.99,76595.39,6.98,LOSS,-6.98,171.5
2026-02-02 00:00 UTC,5m,DOWN,0.076,1.0,1.0,0.456,0.525,76797.99,77439.62,2.3,LOSS,-2.3,169.2
2026-02-02 01:05 UTC,5m,DOWN,0.261,0.4,0.6,0.35,0.536,77316.77,76824.0,3.44,WIN,6.13,175.33
2026-02-02 02:30 UTC,5m,DOWN,0.223,1.0,0.6,0.42,0.533,76910.12,77043.14,3.81,LOSS,-3.81,171.52
2026-02-02 02:50 UTC,5m,DOWN,0.308,1.0,0.6,0.43,0.538,76693.99,76491.17,2.42,WIN,3.08,174.6
2026-02-02 02:55 UTC,5m,DOWN,0.289,1.0,0.6,0.429,0.537,76491.17,76432.12,2.65,WIN,3.39,177.99
2026-02-02 03:10 UTC,5m,DOWN,0.497,1.0,0.6,0.387,0.55,75890.1,75613.38,5.11,WIN,7.77,185.76
2026-02-02 03:20 UTC,5m,DOWN,0.378,1.0,0.6,0.413,0.543,75363.45,75102.92,3.76,WIN,5.13,190.89
2026-02-02 03:30 UTC,5m,DOWN,0.385,1.0,0.6,0.405,0.543,74870.65,74629.73,4.55,WIN,6.42,197.31
2026-02-02 06:00 UTC,5m,DOWN,0.113,1.0,0.6,0.453,0.527,75424.83,75609.17,1.66,LOSS,-1.66,195.65
2026-02-02 06:20 UTC,5m,DOWN,0.127,1.0,0.6,0.393,0.528,75751.24,75703.59,7.25,WIN,10.75,206.4
2026-02-02 11:35 UTC,5m,UP,0.078,1.0,0.6,0.494,0.525,77952.69,77840.01,3.17,LOSS,-3.17,203.23
2026-02-02 14:35 UTC,5m,UP,0.148,1.0,1.2,0.518,0.529,78560.01,78504.04,1.5,LOSS,-1.5,201.73
2026-02-03 03:00 UTC,5m,DOWN,0.254,1.0,1.2,0.433,0.535,77682.0,77998.72,5.76,LOSS,-5.76,195.97
2026-02-03 03:35 UTC,5m,UP,0.04,0.4,1.2,0.507,0.522,78453.97,78560.01,1.0,WIN,0.93,196.9
2026-02-03 14:30 UTC,5m,DOWN,0.128,1.0,1.0,0.412,0.528,78117.09,77768.83,9.34,WIN,12.8,209.7
2026-02-03 14:35 UTC,5m,DOWN,0.256,1.0,1.0,0.391,0.535,77768.83,77875.71,10.48,LOSS,-10.48,199.22
2026-02-03 14:50 UTC,5m,DOWN,0.258,1.0,1.2,0.411,0.535,77613.46,77201.22,9.93,WIN,13.66,212.88
2026-02-03 14:55 UTC,5m,DOWN,0.301,1.0,1.2,0.403,0.538,77201.22,77420.01,10.64,LOSS,-10.64,202.24
2026-02-03 15:10 UTC,5m,DOWN,0.284,1.0,1.2,0.414,0.537,77173.56,77334.32,9.18,LOSS,-9.18,193.06
2026-02-03 16:15 UTC,5m,DOWN,0.088,1.0,1.2,0.431,0.525,77181.61,76734.0,7.95,WIN,10.08,203.14
2026-02-03 16:20 UTC,5m,DOWN,0.199,1.0,1.2,0.355,0.532,76734.0,76693.53,10.16,WIN,17.7,220.84
2026-02-03 17:05 UTC,5m,DOWN,0.411,1.0,1.0,0.391,0.545,76126.01,75699.08,10.85,WIN,16.22,237.06
2026-02-03 17:10 UTC,5m,DOWN,0.474,1.0,1.0,0.398,0.548,75699.08,75842.94,9.64,LOSS,-9.64,227.42
2026-02-03 17:40 UTC,5m,DOWN,0.388,1.0,0.6,0.43,0.543,75147.94,75033.38,2.62,WIN,3.33,230.75
2026-02-03 18:05 UTC,5m,DOWN,0.275,1.0,0.6,0.404,0.536,74865.36,74680.42,6.38,WIN,9.03,239.78
2026-02-03 18:20 UTC,5m,DOWN,0.308,1.0,0.6,0.443,0.538,74380.63,74088.14,1.76,WIN,2.13,241.91
2026-02-03 18:25 UTC,5m,DOWN,0.332,1.0,1.0,0.42,0.54,74088.14,74240.0,7.38,LOSS,-7.38,234.53
2026-02-03 18:45 UTC,5m,DOWN,0.424,1.0,1.0,0.395,0.545,73276.11,73190.01,10.66,WIN,15.67,250.2
2026-02-03 22:45 UTC,5m,DOWN,0.273,1.0,0.6,0.385,0.536,75449.99,75773.28,9.06,LOSS,-9.06,241.14
2026-02-03 23:00 UTC,5m,DOWN,0.177,1.0,0.6,0.441,0.531,75494.17,75619.12,3.05,LOSS,-3.05,238.09
2026-02-04 05:40 UTC,5m,DOWN,0.23,1.0,0.6,0.45,0.534,76245.3,76257.74,1.47,LOSS,-1.47,236.62
2026-02-04 08:00 UTC,5m,DOWN,0.188,0.4,1.0,0.426,0.531,76226.7,76307.69,3.14,LOSS,-3.14,233.48
2026-02-04 09:25 UTC,5m,DOWN,0.089,1.0,1.0,0.449,0.525,76157.86,76124.11,4.42,WIN,5.21,238.69
2026-02-04 11:00 UTC,5m,DOWN,0.157,1.0,0.6,0.426,0.529,76004.05,75814.08,4.98,WIN,6.44,245.13
2026-02-04 11:05 UTC,5m,DOWN,0.161,1.0,0.6,0.432,0.53,75814.08,75817.36,4.35,LOSS,-4.35,240.78
2026-02-04 13:15 UTC,5m,DOWN,0.103,1.0,0.6,0.442,0.526,75927.6,75806.29,3.5,WIN,4.24,245.02
2026-02-04 13:35 UTC,5m,DOWN,0.193,1.0,0.6,0.437,0.532,75556.25,75358.07,3.48,WIN,4.31,249.33
2026-02-04 13:40 UTC,5m,DOWN,0.271,1.0,1.0,0.45,0.536,75358.07,75064.69,2.0,WIN,2.35,251.68
2026-02-04 13:45 UTC,5m,DOWN,0.328,1.0,1.0,0.439,0.54,75064.69,75184.83,3.69,LOSS,-3.69,247.99
2026-02-04 13:55 UTC,5m,DOWN,0.346,1.0,1.0,0.401,0.541,74867.0,74985.23,11.11,LOSS,-11.11,236.88
2026-02-04 14:30 UTC,5m,DOWN,0.336,1.0,1.2,0.385,0.54,74779.42,75354.65,11.84,LOSS,-11.84,225.04
2026-02-04 14:55 UTC,5m,DOWN,0.285,1.0,1.2,0.35,0.537,74359.53,74498.01,11.25,LOSS,-11.25,213.79
2026-02-04 16:35 UTC,5m,DOWN,0.315,1.0,1.0,0.363,0.539,73192.33,73113.02,10.69,WIN,17.99,231.78
2026-02-04 17:05 UTC,5m,DOWN,0.25,1.0,1.0,0.375,0.535,73148.07,73608.88,11.59,LOSS,-11.59,220.19
2026-02-04 17:15 UTC,5m,DOWN,0.201,1.0,1.0,0.396,0.532,73193.53,72800.32,11.01,WIN,16.12,236.31
2026-02-04 17:20 UTC,5m,DOWN,0.239,1.0,1.0,0.37,0.534,72800.32,72473.56,11.82,WIN,19.31,255.62
2026-02-04 17:25 UTC,5m,DOWN,0.219,1.0,1.0,0.449,0.533,72473.56,72710.0,3.01,LOSS,-3.01,252.61
2026-02-04 19:20 UTC,5m,DOWN,0.133,1.0,0.6,0.454,0.528,73264.01,73153.81,1.82,WIN,2.1,254.71
2026-02-04 21:40 UTC,5m,DOWN,0.412,1.0,0.6,0.35,0.545,72639.97,72239.92,11.88,WIN,21.15,275.86
2026-02-04 21:45 UTC,5m,DOWN,0.37,1.0,0.6,0.381,0.542,72239.92,72422.03,9.68,LOSS,-9.68,266.18
2026-02-05 00:10 UTC,5m,DOWN,0.112,1.0,0.6,0.4,0.527,72778.45,72916.29,9.16,LOSS,-9.16,257.02
2026-02-05 01:15 UTC,5m,DOWN,0.34,1.0,0.6,0.35,0.54,72492.76,72292.34,12.5,WIN,22.26,279.28
2026-02-05 01:20 UTC,5m,DOWN,0.124,1.0,1.0,0.461,0.527,72292.34,72967.15,1.72,LOSS,-1.72,277.56
2026-02-05 01:40 UTC,5m,DOWN,0.108,1.0,1.0,0.446,0.526,72635.05,72659.91,5.69,LOSS,-5.69,271.87
2026-02-05 02:00 UTC,5m,DOWN,0.162,1.0,1.0,0.421,0.53,72193.35,72247.21,10.49,LOSS,-10.49,261.38
2026-02-05 02:45 UTC,5m,DOWN,0.421,1.0,0.6,0.35,0.545,71907.81,71783.09,12.13,WIN,21.6,282.98
2026-02-05 02:50 UTC,5m,DOWN,0.163,1.0,1.0,0.428,0.53,71783.09,71454.44,9.29,WIN,11.92,294.9
2026-02-05 02:55 UTC,5m,DOWN,0.289,1.0,1.0,0.389,0.537,71454.44,71592.01,14.74,LOSS,-14.74,280.16
2026-02-05 03:50 UTC,5m,DOWN,0.291,1.0,1.0,0.396,0.537,71168.19,71223.25,14.01,LOSS,-14.01,266.15
2026-02-05 04:10 UTC,5m,DOWN,0.179,1.0,0.6,0.442,0.531,70950.65,71142.15,3.21,LOSS,-3.21,262.94
2026-02-05 05:05 UTC,5m,DOWN,0.153,1.0,0.6,0.432,0.529,70731.65,70843.37,4.74,LOSS,-4.74,258.2
2026-02-05 05:20 UTC,5m,DOWN,0.22,1.0,0.6,0.364,0.533,70305.17,70433.11,12.01,LOSS,-12.01,246.19
2026-02-05 07:05 UTC,5m,DOWN,0.214,1.0,0.6,0.392,0.533,71134.21,71098.99,8.59,WIN,12.79,258.98
2026-02-05 10:05 UTC,5m,DOWN,0.076,1.0,0.6,0.434,0.525,71326.77,71493.96,5.05,LOSS,-5.05,253.93
2026-02-05 10:50 UTC,5m,DOWN,0.256,1.0,0.6,0.385,0.535,70778.71,70858.13,9.32,LOSS,-9.32,244.61
2026-02-05 11:20 UTC,5m,DOWN,0.49,1.0,1.0,0.35,0.549,70050.55,70065.4,12.23,LOSS,-12.23,232.38
2026-02-05 12:10 UTC,5m,DOWN,0.22,1.0,1.0,0.415,0.533,69918.01,69453.87,9.38,WIN,12.69,245.07
2026-02-05 12:15 UTC,5m,DOWN,0.362,1.0,1.2,0.35,0.542,69453.87,69188.52,12.25,WIN,21.81,266.88
2026-02-05 12:20 UTC,5m,DOWN,0.272,1.0,1.2,0.425,0.536,69188.52,69640.86,9.46,LOSS,-9.46,257.42
2026-02-05 15:00 UTC,5m,DOWN,0.231,1.0,1.0,0.416,0.534,68981.35,68627.96,10.03,WIN,13.52,270.94
2026-02-05 15:05 UTC,5m,DOWN,0.227,1.0,1.0,0.364,0.534,68627.96,68014.24,13.55,WIN,22.71,293.65
2026-02-05 15:10 UTC,5m,DOWN,0.439,1.0,1.2,0.35,0.546,68014.24,68296.72,14.68,LOSS,-14.68,278.97
2026-02-05 15:20 UTC,5m,DOWN,0.452,1.0,1.2,0.35,0.547,67599.37,66851.99,13.95,WIN,24.84,303.81
2026-02-05 15:25 UTC,5m,DOWN,0.478,1.0,1.2,0.35,0.549,66851.99,66984.86,15.19,LOSS,-15.19,288.62
2026-02-05 17:30 UTC,5m,DOWN,0.381,1.0,1.0,0.35,0.543,66774.24,66889.36,14.43,LOSS,-14.43,274.19
2026-02-05 17:55 UTC,5m,DOWN,0.304,1.0,1.0,0.35,0.538,66181.69,66248.46,13.71,LOSS,-13.71,260.48
2026-02-05 18:15 UTC,5m,DOWN,0.4,1.0,0.6,0.35,0.544,65832.61,66052.79,12.24,LOSS,-12.24,248.24
2026-02-05 19:50 UTC,5m,DOWN,0.145,1.0,0.6,0.447,0.529,65312.1,65265.65,2.62,WIN,3.11,251.35
2026-02-05 20:10 UTC,5m,DOWN,0.405,1.0,0.6,0.359,0.544,65051.38,64271.32,10.87,WIN,18.61,269.96
2026-02-05 20:15 UTC,5m,DOWN,0.484,1.0,0.6,0.35,0.549,64271.32,64063.71,12.05,WIN,21.46,291.42
2026-02-05 20:25 UTC,5m,DOWN,0.32,1.0,1.0,0.403,0.539,63866.59,63729.09,13.0,WIN,18.49,309.91
2026-02-05 20:45 UTC,5m,DOWN,0.429,1.0,1.0,0.37,0.546,63300.0,62556.64,15.5,WIN,25.32,335.23
2026-02-05 20:50 UTC,5m,DOWN,0.578,1.0,1.0,0.35,0.555,62556.64,63775.67,16.76,LOSS,-16.76,318.47
2026-02-05 23:05 UTC,5m,DOWN,0.146,1.0,1.0,0.438,0.529,64599.54,64581.12,8.07,WIN,9.94,328.41
2026-02-05 23:50 UTC,5m,DOWN,0.246,1.0,0.6,0.42,0.535,63012.45,62909.86,6.89,WIN,9.14,337.55
2026-02-06 00:00 UTC,5m,DOWN,0.454,1.0,0.6,0.35,0.547,62292.8,61424.11,15.35,WIN,27.33,364.88
2026-02-06 00:05 UTC,5m,DOWN,0.473,1.0,0.6,0.35,0.548,61424.11,60255.65,16.4,WIN,29.2,394.08
2026-02-06 00:10 UTC,5m,DOWN,0.601,1.0,1.0,0.35,0.556,60255.65,60081.74,19.7,WIN,35.08,429.16
2026-02-06 03:45 UTC,5m,DOWN,0.244,1.0,0.6,0.374,0.535,64201.95,63951.81,17.9,WIN,28.74,457.9
2026-02-06 03:50 UTC,5m,DOWN,0.275,1.0,0.6,0.429,0.536,63951.81,64168.33,7.16,LOSS,-7.16,450.74
2026-02-06 06:00 UTC,5m,UP,0.28,1.0,0.6,0.523,0.537,66616.63,66498.68,2.52,LOSS,-2.52,448.22
2026-02-06 06:45 UTC,5m,DOWN,0.131,1.0,1.0,0.441,0.528,64946.51,65190.84,10.57,LOSS,-10.57,437.65
2026-02-06 07:00 UTC,5m,DOWN,0.282,1.0,1.0,0.434,0.537,64831.29,64757.98,9.39,WIN,11.76,449.41
2026-02-06 07:45 UTC,5m,DOWN,0.269,1.0,0.6,0.381,0.536,64760.0,64844.36,17.1,LOSS,-17.1,432.31
2026-02-06 11:55 UTC,5m,UP,0.206,1.0,0.6,0.499,0.532,66631.32,66415.29,7.42,LOSS,-7.42,424.89
2026-02-06 15:45 UTC,5m,UP,0.173,1.0,1.0,0.515,0.53,68976.96,68418.16,4.59,LOSS,-4.59,420.3
2026-02-06 16:45 UTC,5m,UP,0.226,1.0,1.0,0.516,0.534,69976.16,70203.0,5.51,WIN,4.96,425.26
2026-02-06 22:05 UTC,5m,UP,0.154,1.0,0.6,0.501,0.529,70650.01,70438.12,6.0,LOSS,-6.0,419.26
2026-02-06 22:45 UTC,5m,UP,0.282,1.0,0.6,0.524,0.537,71362.71,71567.78,2.11,WIN,1.84,421.1
2026-02-07 04:10 UTC,5m,UP,0.23,1.0,0.6,0.514,0.534,71219.82,71388.0,3.89,WIN,3.53,424.63
2026-02-07 06:55 UTC,5m,DOWN,0.451,1.0,1.0,0.35,0.547,68769.65,68776.36,21.23,LOSS,-21.23,403.4
2026-02-07 07:05 UTC,5m,DOWN,0.34,1.0,1.0,0.429,0.54,68514.72,67951.49,9.12,WIN,11.66,415.06
2026-02-07 07:10 UTC,5m,DOWN,0.511,1.0,1.2,0.35,0.551,67951.49,67802.41,20.75,WIN,36.95,452.01
2026-02-07 07:45 UTC,5m,DOWN,0.285,1.0,1.2,0.404,0.537,68179.0,68195.71,22.6,LOSS,-22.6,429.41
2026-02-07 09:30 UTC,5m,DOWN,0.164,1.0,0.6,0.405,0.53,68177.9,68058.02,13.14,WIN,18.53,447.94
2026-02-07 09:45 UTC,5m,DOWN,0.114,1.0,0.6,0.442,0.527,67966.92,68013.03,6.36,LOSS,-6.36,441.58
2026-02-07 10:35 UTC,5m,DOWN,0.254,1.0,0.6,0.44,0.535,67630.0,67793.87,4.72,LOSS,-4.72,436.86
2026-02-07 12:20 UTC,5m,DOWN,0.386,1.0,1.0,0.35,0.543,69265.19,69328.68,21.84,LOSS,-21.84,415.02
2026-02-07 12:50 UTC,5m,DOWN,0.249,0.4,1.2,0.359,0.535,68818.08,69024.98,15.83,LOSS,-15.83,399.19
2026-02-07 14:25 UTC,5m,DOWN,0.075,1.0,0.6,0.455,0.524,68952.69,68916.29,3.44,WIN,3.96,403.15
2026-02-07 14:35 UTC,5m,DOWN,0.325,1.0,0.6,0.386,0.54,68569.73,68806.71,13.8,LOSS,-13.8,389.35
2026-02-07 14:45 UTC,5m,DOWN,0.225,1.0,0.6,0.409,0.534,68458.0,68552.75,10.46,LOSS,-10.46,378.89
2026-02-07 20:50 UTC,5m,UP,0.137,1.0,0.6,0.51,0.528,69642.0,69631.18,3.1,LOSS,-3.1,375.79
2026-02-07 23:00 UTC,5m,DOWN,0.197,0.4,0.6,0.416,0.532,69159.07,68950.84,3.67,WIN,4.95,380.74
2026-02-07 23:05 UTC,5m,DOWN,0.234,0.4,1.0,0.432,0.534,68950.84,69075.56,3.92,LOSS,-3.92,376.82
2026-02-08 02:00 UTC,5m,DOWN,0.098,0.4,1.0,0.444,0.526,69293.99,69424.45,3.44,LOSS,-3.44,373.38
2026-02-08 05:10 UTC,5m,UP,0.09,1.0,0.6,0.492,0.525,69381.57,69358.62,6.32,LOSS,-6.32,367.06
2026-02-08 08:25 UTC,5m,UP,0.213,1.0,1.2,0.525,0.533,70212.08,70717.99,1.3,WIN,1.13,368.19
2026-02-08 11:10 UTC,5m,UP,0.159,1.0,1.0,0.52,0.53,70634.25,70672.01,1.76,WIN,1.56,369.75
2026-02-08 11:30 UTC,5m,UP,0.287,1.0,1.0,0.506,0.537,70846.82,70884.0,9.91,WIN,9.29,379.04
2026-02-08 13:55 UTC,5m,UP,0.139,1.0,1.0,0.518,0.528,71514.77,71454.1,2.12,LOSS,-2.12,376.92
2026-02-08 15:05 UTC,5m,UP,0.05,1.0,0.6,0.498,0.523,71381.99,71359.35,4.55,LOSS,-4.55,372.37
2026-02-08 19:50 UTC,5m,UP,0.114,1.0,0.6,0.516,0.527,71477.44,71422.97,1.36,LOSS,-1.36,371.01
2026-02-08 23:30 UTC,5m,DOWN,0.208,0.4,1.2,0.432,0.532,70154.79,70157.99,4.83,LOSS,-4.83,366.18
2026-02-09 01:40 UTC,5m,DOWN,0.139,0.4,0.6,0.418,0.528,70250.01,70086.38,3.71,WIN,4.96,371.14
2026-02-09 01:45 UTC,5m,DOWN,0.102,1.0,0.6,0.424,0.526,70086.38,70356.0,8.75,LOSS,-8.75,362.39
2026-02-09 06:15 UTC,5m,DOWN,0.24,0.4,0.6,0.361,0.534,70502.26,70402.61,6.83,WIN,11.59,373.98
2026-02-09 08:30 UTC,5m,DOWN,0.456,1.0,1.0,0.35,0.547,69609.39,69843.93,18.7,LOSS,-18.7,355.28
2026-02-09 10:15 UTC,5m,DOWN,0.291,1.0,1.0,0.424,0.537,69229.14,69053.49,10.43,WIN,13.6,368.88
2026-02-09 10:20 UTC,5m,DOWN,0.231,1.0,1.0,0.454,0.534,69053.49,69038.84,2.43,WIN,2.81,371.69
2026-02-09 10:30 UTC,5m,DOWN,0.323,1.0,1.0,0.394,0.539,68722.0,68697.7,18.58,WIN,27.43,399.12
2026-02-09 10:45 UTC,5m,DOWN,0.288,1.0,1.0,0.44,0.537,68450.87,68762.18,6.37,LOSS,-6.37,392.75
2026-02-09 13:50 UTC,5m,DOWN,0.125,1.0,0.6,0.436,0.528,68806.51,68594.57,6.64,WIN,8.25,401.0
2026-02-09 14:05 UTC,5m,DOWN,0.184,1.0,0.6,0.43,0.531,68521.27,68608.87,7.23,LOSS,-7.23,393.77
2026-02-09 14:30 UTC,5m,DOWN,0.177,1.0,1.0,0.442,0.531,68738.19,69349.99,7.97,LOSS,-7.97,385.8
2026-02-10 00:40 UTC,5m,DOWN,0.199,1.0,0.6,0.437,0.532,69784.23,69757.99,5.41,WIN,6.69,392.49
2026-02-10 02:35 UTC,5m,DOWN,0.148,0.4,0.6,0.447,0.529,70093.8,70051.69,1.64,WIN,1.95,394.44
2026-02-10 02:45 UTC,5m,UP,0.121,0.4,0.6,0.501,0.527,70130.83,70103.83,2.04,LOSS,-2.04,392.4
2026-02-10 03:05 UTC,5m,DOWN,0.283,1.0,0.6,0.438,0.537,69808.81,69844.0,4.23,LOSS,-4.23,388.17
2026-02-10 03:15 UTC,5m,DOWN,0.314,1.0,1.0,0.419,0.539,69569.62,69658.64,12.52,LOSS,-12.52,375.65
2026-02-10 05:40 UTC,5m,DOWN,0.217,1.0,0.6,0.45,0.533,69366.68,69280.09,2.48,WIN,2.91,378.56
2026-02-10 05:45 UTC,5m,DOWN,0.163,1.0,1.0,0.452,0.53,69280.09,69407.46,4.61,LOSS,-4.61,373.95
2026-02-10 06:20 UTC,5m,DOWN,0.256,1.0,1.0,0.406,0.535,69159.19,69209.14,17.03,LOSS,-17.03,356.92
2026-02-10 06:45 UTC,5m,DOWN,0.265,1.0,1.0,0.437,0.536,68856.19,68794.8,7.07,WIN,8.75,365.67
2026-02-10 11:40 UTC,5m,DOWN,0.267,1.0,0.6,0.361,0.536,68666.41,68720.81,16.95,LOSS,-16.95,348.72
2026-02-10 11:50 UTC,5m,DOWN,0.182,1.0,1.0,0.457,0.531,68557.88,68535.01,2.29,WIN,2.61,351.33
2026-02-10 12:10 UTC,5m,DOWN,0.075,1.0,1.0,0.443,0.524,68636.48,68564.32,8.75,WIN,10.57,361.9
2026-02-10 13:45 UTC,5m,DOWN,0.093,1.0,1.0,0.46,0.526,68954.21,68990.01,3.19,LOSS,-3.19,358.71
2026-02-10 14:20 UTC,5m,DOWN,0.201,1.0,1.0,0.427,0.532,69319.3,69225.14,11.35,WIN,14.62,373.33
2026-02-10 14:40 UTC,5m,DOWN,0.254,1.0,1.2,0.416,0.535,68229.65,68030.41,16.93,WIN,22.82,396.15
2026-02-10 14:45 UTC,5m,DOWN,0.194,1.0,1.2,0.43,0.532,68030.41,68416.41,14.03,LOSS,-14.03,382.12
2026-02-10 18:25 UTC,5m,DOWN,0.329,0.4,0.6,0.37,0.54,68903.74,68806.5,6.26,WIN,10.22,392.34
2026-02-10 18:45 UTC,5m,DOWN,0.3,1.0,0.6,0.385,0.538,68729.99,68849.11,13.89,LOSS,-13.89,378.45
2026-02-10 19:00 UTC,5m,DOWN,0.226,1.0,0.6,0.432,0.534,68718.0,68902.0,5.94,LOSS,-5.94,372.51
2026-02-10 21:30 UTC,5m,DOWN,0.113,1.0,0.6,0.424,0.527,68499.01,68481.25,8.65,WIN,11.28,383.79
2026-02-11 00:10 UTC,5m,DOWN,0.062,1.0,0.6,0.429,0.524,68801.85,69019.88,8.6,LOSS,-8.6,375.19
2026-02-11 02:45 UTC,5m,DOWN,0.178,1.0,1.0,0.426,0.531,68627.16,68667.24,12.63,LOSS,-12.63,362.56
2026-02-11 03:00 UTC,5m,DOWN,0.15,1.0,1.0,0.448,0.529,68606.74,68706.0,5.97,LOSS,-5.97,356.59
2026-02-11 03:15 UTC,5m,DOWN,0.39,1.0,1.0,0.35,0.543,68099.11,68249.0,17.83,LOSS,-17.83,338.76
2026-02-11 04:20 UTC,5m,DOWN,0.255,1.0,1.2,0.385,0.535,67838.25,67576.63,16.94,WIN,25.97,364.73
2026-02-11 04:25 UTC,5m,DOWN,0.209,1.0,1.0,0.415,0.533,67576.63,67572.77,14.92,WIN,20.19,384.92
2026-02-11 05:55 UTC,5m,DOWN,0.089,1.0,0.6,0.441,0.525,67404.28,67455.39,5.97,LOSS,-5.97,378.95
2026-02-11 06:05 UTC,5m,DOWN,0.246,1.0,0.6,0.401,0.535,67111.11,66916.36,11.34,WIN,16.26,395.21
2026-02-11 08:05 UTC,5m,DOWN,0.057,1.0,0.6,0.435,0.523,66922.73,66908.09,7.74,WIN,9.65,404.86
2026-02-11 10:00 UTC,5m,DOWN,0.12,1.0,0.6,0.441,0.527,66712.43,66697.4,5.88,WIN,7.16,412.02
2026-02-11 10:45 UTC,5m,DOWN,0.112,1.0,0.6,0.463,0.527,66611.02,66496.3,1.23,WIN,1.37,413.39
2026-02-11 13:35 UTC,5m,DOWN,0.064,1.0,1.0,0.454,0.524,67456.8,67222.51,6.56,WIN,7.58,420.97
2026-02-11 14:55 UTC,5m,DOWN,0.204,1.0,1.2,0.421,0.532,66584.6,66428.98,18.38,WIN,24.27,445.24
2026-02-11 15:05 UTC,5m,DOWN,0.35,1.0,1.2,0.362,0.541,65944.98,66113.25,22.26,LOSS,-22.26,422.98
2026-02-11 18:00 UTC,5m,DOWN,0.086,1.0,0.6,0.428,0.525,66375.01,66257.73,9.36,WIN,12.01,434.99
2026-02-11 18:05 UTC,5m,DOWN,0.076,1.0,0.6,0.464,0.525,66257.73,66466.0,1.58,LOSS,-1.58,433.41
2026-02-11 19:10 UTC,5m,UP,0.309,1.0,0.6,0.519,0.539,67643.0,67507.51,3.97,LOSS,-3.97,429.44
2026-02-11 23:20 UTC,5m,DOWN,0.396,1.0,0.6,0.388,0.544,66946.39,67016.62,13.42,LOSS,-13.42,416.02
2026-02-12 05:05 UTC,5m,DOWN,0.216,1.0,1.0,0.458,0.533,67015.34,66805.97,1.56,WIN,1.77,417.79
2026-02-12 05:10 UTC,5m,DOWN,0.267,1.0,1.0,0.445,0.536,66805.97,66701.46,5.31,WIN,6.36,424.15
2026-02-12 10:30 UTC,5m,UP,0.179,1.0,1.0,0.513,0.531,67730.27,67738.99,5.61,WIN,5.12,429.27
2026-02-12 10:55 UTC,5m,UP,0.226,1.0,1.0,0.501,0.534,68014.01,68036.8,11.97,WIN,11.45,440.72
2026-02-12 16:05 UTC,5m,DOWN,0.332,1.0,1.2,0.369,0.54,66688.01,66558.41,22.04,WIN,36.15,476.87
2026-02-12 16:10 UTC,5m,DOWN,0.133,1.0,1.2,0.446,0.528,66558.41,66557.4,10.95,WIN,13.06,489.93
2026-02-12 16:20 UTC,5m,DOWN,0.262,1.0,1.2,0.451,0.536,66292.0,66065.4,4.47,WIN,5.23,495.16
2026-02-12 16:50 UTC,5m,DOWN,0.464,1.0,1.0,0.361,0.548,65636.19,65863.37,24.76,LOSS,-24.76,470.4
2026-02-12 17:55 UTC,5m,DOWN,0.174,1.0,1.0,0.403,0.53,65413.99,65630.0,23.52,LOSS,-23.52,446.88
2026-02-12 20:10 UTC,5m,DOWN,0.069,1.0,0.6,0.431,0.524,65704.14,65726.06,9.47,LOSS,-9.47,437.41
2026-02-13 05:55 UTC,5m,DOWN,0.116,1.0,0.6,0.438,0.527,66175.79,66230.01,7.08,LOSS,-7.08,430.33
2026-02-13 06:20 UTC,5m,DOWN,0.078,1.0,0.6,0.432,0.525,66096.39,66123.99,8.79,LOSS,-8.79,421.54
2026-02-13 07:15 UTC,5m,DOWN,0.077,0.4,1.0,0.462,0.525,66457.35,66497.16,1.33,LOSS,-1.33,420.21
2026-02-13 09:45 UTC,5m,UP,0.261,1.0,0.6,0.509,0.536,67005.08,66963.47,5.62,LOSS,-5.62,414.59
2026-02-13 15:10 UTC,5m,UP,0.209,1.0,1.2,0.515,0.533,68382.0,68242.66,6.5,LOSS,-6.5,408.09
2026-02-14 07:50 UTC,5m,UP,0.283,1.0,1.0,0.488,0.537,69313.14,69219.26,17.7,LOSS,-17.7,390.39
2026-02-14 08:05 UTC,5m,UP,0.266,1.0,1.2,0.51,0.536,69534.0,69567.06,10.12,WIN,9.34,399.73
2026-02-14 13:50 UTC,5m,DOWN,0.197,0.4,1.2,0.45,0.532,69320.49,69460.0,2.32,LOSS,-2.32,397.41
2026-02-14 14:05 UTC,5m,DOWN,0.064,0.4,1.2,0.453,0.524,69386.86,69460.1,3.2,LOSS,-3.2,394.21
2026-02-14 14:20 UTC,5m,DOWN,0.107,0.4,1.0,0.447,0.526,69401.63,69455.6,3.1,LOSS,-3.1,391.11
2026-02-14 16:35 UTC,5m,UP,0.104,0.4,0.6,0.5,0.526,69553.38,69651.11,2.01,WIN,1.93,393.04
2026-02-14 20:00 UTC,5m,UP,0.189,1.0,0.6,0.514,0.531,69970.0,69826.04,3.03,LOSS,-3.03,390.01
2026-02-14 20:20 UTC,5m,UP,0.099,1.0,0.6,0.514,0.526,69898.65,69830.88,1.69,LOSS,-1.69,388.32
2026-02-15 00:15 UTC,5m,UP,0.11,1.0,0.6,0.492,0.527,69772.3,69680.87,6.86,LOSS,-6.86,381.46
2026-02-15 01:40 UTC,5m,DOWN,0.161,1.0,1.0,0.412,0.53,69407.22,69506.59,17.45,LOSS,-17.45,364.01
2026-02-15 06:30 UTC,5m,UP,0.06,1.0,0.6,0.51,0.524,70456.32,70420.5,1.94,LOSS,-1.94,362.07
2026-02-15 07:30 UTC,5m,UP,0.138,1.0,1.0,0.499,0.528,70781.7,70782.57,8.86,WIN,8.54,370.61
2026-02-15 12:45 UTC,5m,DOWN,0.217,0.4,1.0,0.451,0.533,69988.3,69608.19,1.5,WIN,1.75,372.36
2026-02-15 12:50 UTC,5m,DOWN,0.338,1.0,1.0,0.428,0.54,69608.19,69314.21,8.77,WIN,11.25,383.61
2026-02-15 12:55 UTC,5m,DOWN,0.33,1.0,1.2,0.445,0.54,69314.21,69427.76,4.27,LOSS,-4.27,379.34
2026-02-15 13:20 UTC,5m,DOWN,0.204,1.0,1.2,0.414,0.532,69422.02,69056.85,18.97,WIN,25.78,405.12
2026-02-15 13:25 UTC,5m,DOWN,0.312,1.0,1.2,0.387,0.539,69056.85,68983.34,20.26,WIN,30.8,435.92
2026-02-15 13:30 UTC,5m,DOWN,0.217,1.0,1.2,0.442,0.533,68983.34,69000.0,9.45,LOSS,-9.45,426.47
2026-02-15 16:00 UTC,5m,DOWN,0.054,1.0,0.6,0.447,0.523,69001.69,68853.25,5.78,WIN,6.87,433.34
2026-02-15 16:20 UTC,5m,DOWN,0.107,1.0,0.6,0.442,0.526,68877.5,69065.49,6.25,LOSS,-6.25,427.09
2026-02-15 17:40 UTC,5m,DOWN,0.153,1.0,0.6,0.442,0.529,68823.06,68289.31,5.52,WIN,6.69,433.78
2026-02-15 17:45 UTC,5m,DOWN,0.413,1.0,0.6,0.35,0.545,68289.31,68555.91,20.22,LOSS,-20.22,413.56
2026-02-15 18:45 UTC,5m,DOWN,0.199,1.0,1.2,0.436,0.532,68423.33,68461.99,12.01,LOSS,-12.01,401.55
2026-02-15 20:15 UTC,5m,DOWN,0.054,1.0,1.0,0.468,0.523,68336.0,68366.55,1.43,LOSS,-1.43,400.12
2026-02-15 23:00 UTC,5m,DOWN,0.192,1.0,0.6,0.433,0.532,68682.22,68382.91,6.51,WIN,8.19,408.31
2026-02-15 23:05 UTC,5m,DOWN,0.257,1.0,1.0,0.403,0.535,68382.91,68490.8,19.51,LOSS,-19.51,388.8
2026-02-16 01:10 UTC,5m,DOWN,0.056,1.0,1.0,0.445,0.523,68865.2,68850.0,9.42,WIN,11.28,400.08
2026-02-16 02:05 UTC,5m,DOWN,0.113,1.0,0.6,0.442,0.527,68588.44,68566.13,5.69,WIN,6.9,406.98
2026-02-16 03:25 UTC,5m,DOWN,0.16,1.0,0.6,0.428,0.53,68182.59,68196.8,8.05,LOSS,-8.05,398.93
2026-02-16 05:00 UTC,5m,DOWN,0.165,1.0,0.6,0.431,0.53,68666.16,68680.37,7.24,LOSS,-7.24,391.69
2026-02-16 09:00 UTC,5m,UP,0.276,0.4,0.6,0.521,0.537,68957.04,68859.03,1.05,LOSS,-1.05,390.64
2026-02-16 11:15 UTC,5m,UP,0.157,0.4,1.0,0.508,0.529,68597.7,68420.35,2.63,LOSS,-2.63,388.01
2026-02-16 12:50 UTC,5m,UP,0.299,1.0,1.2,0.525,0.538,69736.15,69763.24,3.93,WIN,3.42,391.43
2026-02-16 15:30 UTC,5m,DOWN,0.481,1.0,1.0,0.35,0.549,67440.91,67412.0,19.57,WIN,34.85,426.28
2026-02-16 18:55 UTC,5m,DOWN,0.073,1.0,0.6,0.457,0.524,67860.13,67884.68,3.24,LOSS,-3.24,423.04
2026-02-16 22:30 UTC,5m,UP,0.079,1.0,1.0,0.489,0.525,68682.4,68662.4,12.85,LOSS,-12.85,410.19
2026-02-17 00:45 UTC,5m,UP,0.15,1.0,1.0,0.513,0.529,69035.58,68953.15,4.68,LOSS,-4.68,405.51
2026-02-17 04:30 UTC,5m,DOWN,0.154,0.4,0.6,0.427,0.529,68372.8,68430.79,3.32,LOSS,-3.32,402.19
2026-02-17 05:20 UTC,5m,DOWN,0.224,1.0,1.0,0.429,0.533,68019.88,68052.01,11.57,LOSS,-11.57,390.62
2026-02-17 09:10 UTC,5m,DOWN,0.175,1.0,0.6,0.456,0.53,68109.03,68035.11,1.85,WIN,2.12,392.74
2026-02-17 10:15 UTC,5m,DOWN,0.259,1.0,1.0,0.403,0.536,67846.18,67941.82,18.73,LOSS,-18.73,374.01
2026-02-17 12:55 UTC,5m,DOWN,0.122,1.0,1.0,0.455,0.527,67919.49,67776.87,4.39,WIN,5.05,379.06
2026-02-17 14:35 UTC,5m,DOWN,0.329,1.0,1.0,0.367,0.54,67608.53,67103.87,18.95,WIN,31.35,410.41
2026-02-17 14:40 UTC,5m,DOWN,0.393,1.0,1.2,0.35,0.544,67103.87,67090.34,20.52,WIN,36.54,446.95
2026-02-17 15:10 UTC,5m,DOWN,0.318,1.0,1.2,0.439,0.539,66800.02,67129.99,8.16,LOSS,-8.16,438.79
2026-02-17 15:25 UTC,5m,DOWN,0.212,1.0,1.2,0.437,0.533,66845.0,66723.13,11.93,WIN,14.76,453.55
2026-02-17 15:30 UTC,5m,DOWN,0.208,1.0,1.2,0.44,0.532,66723.13,66787.94,11.04,LOSS,-11.04,442.51
2026-02-17 17:10 UTC,5m,DOWN,0.161,1.0,1.0,0.396,0.53,67266.89,67361.11,22.13,LOSS,-22.13,420.38
2026-02-17 17:30 UTC,5m,DOWN,0.201,1.0,1.0,0.414,0.532,67161.69,67186.11,17.71,LOSS,-17.71,402.67
2026-02-17 17:40 UTC,5m,DOWN,0.206,1.0,0.6,0.436,0.532,67005.99,67102.01,5.76,LOSS,-5.76,396.91
2026-02-17 18:55 UTC,5m,UP,0.249,0.4,0.6,0.507,0.535,68098.62,68052.32,2.24,LOSS,-2.24,394.67
2026-02-18 00:45 UTC,5m,DOWN,0.058,1.0,0.6,0.434,0.523,67364.73,67306.12,7.92,WIN,9.92,404.59
2026-02-18 01:00 UTC,5m,DOWN,0.205,1.0,1.0,0.421,0.532,67150.34,67122.56,14.7,WIN,19.41,424.0
2026-02-18 04:00 UTC,5m,DOWN,0.124,0.4,0.6,0.435,0.527,67507.97,67595.81,2.96,LOSS,-2.96,421.04
2026-02-18 07:40 UTC,5m,UP,0.137,1.0,1.0,0.504,0.528,68074.0,68180.0,8.24,WIN,7.79,428.83
2026-02-18 11:05 UTC,5m,DOWN,0.543,1.0,1.0,0.35,0.553,67179.79,67389.89,21.44,LOSS,-21.44,407.39
2026-02-18 13:30 UTC,5m,DOWN,0.072,1.0,0.6,0.455,0.524,67378.62,67384.59,3.55,LOSS,-3.55,403.84
2026-02-18 13:40 UTC,5m,DOWN,0.058,1.0,0.6,0.463,0.523,67287.84,67159.58,1.94,WIN,2.16,406.0
2026-02-18 13:45 UTC,5m,DOWN,0.16,1.0,0.6,0.454,0.53,67159.58,67106.62,2.57,WIN,2.97,408.97
2026-02-18 14:15 UTC,5m,DOWN,0.208,1.0,0.6,0.454,0.532,67140.08,67140.42,1.93,LOSS,-1.93,407.04
2026-02-18 14:45 UTC,5m,DOWN,0.326,1.0,1.0,0.408,0.54,66771.54,67217.26,16.45,LOSS,-16.45,390.59
2026-02-18 18:15 UTC,5m,DOWN,0.221,1.0,0.6,0.404,0.533,66884.22,66831.09,11.45,WIN,16.21,406.8
2026-02-18 18:40 UTC,5m,DOWN,0.437,1.0,0.6,0.35,0.546,66342.3,66515.33,18.69,LOSS,-18.69,388.11
2026-02-18 19:35 UTC,5m,DOWN,0.222,1.0,1.0,0.448,0.533,65978.43,66163.2,4.85,LOSS,-4.85,383.26
2026-02-18 20:50 UTC,5m,DOWN,0.11,1.0,0.6,0.462,0.527,66331.22,66268.39,1.38,WIN,1.54,384.8
2026-02-19 06:15 UTC,5m,UP,0.226,1.0,0.6,0.505,0.534,67126.11,67197.72,5.55,WIN,5.23,390.03
2026-02-19 06:20 UTC,5m,UP,0.205,1.0,1.0,0.517,0.532,67197.72,67176.84,4.2,LOSS,-4.2,385.83
2026-02-19 13:15 UTC,5m,DOWN,0.185,1.0,1.0,0.423,0.531,66230.27,66177.1,13.79,WIN,18.06,403.89
2026-02-19 14:30 UTC,5m,DOWN,0.196,1.0,1.0,0.453,0.532,65737.13,66105.0,3.82,LOSS,-3.82,400.07
2026-02-20 05:40 UTC,5m,UP,0.24,1.0,1.0,0.497,0.534,67910.17,67976.04,13.01,WIN,12.65,412.72
2026-02-20 13:00 UTC,5m,DOWN,0.19,0.4,1.0,0.431,0.531,67231.63,67247.96,4.77,LOSS,-4.77,407.95
2026-02-20 13:30 UTC,5m,DOWN,0.24,1.0,1.0,0.438,0.534,66881.02,66511.58,8.28,WIN,10.2,418.15
2026-02-20 13:35 UTC,5m,DOWN,0.296,1.0,1.2,0.35,0.538,66511.58,66624.09,20.91,LOSS,-20.91,397.24
2026-02-20 14:15 UTC,5m,DOWN,0.117,1.0,1.2,0.43,0.527,66767.21,66940.58,16.02,LOSS,-16.02,381.22
2026-02-20 20:05 UTC,5m,UP,0.052,1.0,0.6,0.499,0.523,67766.77,67816.34,4.41,WIN,4.25,385.47
2026-02-20 20:55 UTC,5m,UP,0.074,1.0,0.6,0.494,0.524,67750.4,67664.57,5.87,LOSS,-5.87,379.6
2026-02-21 03:40 UTC,5m,DOWN,0.251,0.4,1.0,0.42,0.535,67616.93,67634.71,5.27,LOSS,-5.27,374.33
2026-02-21 22:55 UTC,5m,DOWN,0.197,1.0,1.0,0.439,0.532,67972.0,67941.02,8.14,WIN,9.99,384.32
2026-02-22 00:20 UTC,5m,DOWN,0.082,1.0,0.6,0.462,0.525,67867.4,67856.03,1.75,WIN,1.96,386.28
2026-02-22 03:15 UTC,5m,DOWN,0.209,1.0,1.0,0.426,0.533,67848.26,67891.98,12.38,LOSS,-12.38,373.9
2026-02-22 13:35 UTC,5m,DOWN,0.256,1.0,1.2,0.44,0.535,67645.0,67633.61,7.94,WIN,9.7,383.6
2026-02-22 14:00 UTC,5m,DOWN,0.204,1.0,1.2,0.451,0.532,67536.34,67584.82,4.98,LOSS,-4.98,378.62
2026-02-22 14:40 UTC,5m,DOWN,0.197,1.0,1.2,0.433,0.532,67440.0,67411.21,12.2,WIN,15.34,393.96
2026-02-22 17:30 UTC,5m,DOWN,0.214,1.0,0.6,0.436,0.533,67299.86,67272.31,5.53,WIN,6.87,400.83
2026-02-22 20:50 UTC,5m,DOWN,0.106,1.0,0.6,0.441,0.526,67371.99,67401.74,6.0,LOSS,-6.0,394.83
2026-02-22 22:05 UTC,5m,DOWN,0.08,1.0,0.6,0.458,0.525,67506.85,67510.4,2.69,LOSS,-2.69,392.14
2026-02-22 22:40 UTC,5m,UP,0.118,0.4,1.0,0.492,0.527,67679.27,67687.5,4.69,WIN,4.65,396.79
2026-02-23 00:30 UTC,5m,DOWN,0.193,1.0,1.0,0.455,0.532,67299.19,67199.09,3.09,WIN,3.55,400.34
2026-02-23 00:45 UTC,5m,DOWN,0.212,1.0,1.2,0.441,0.533,67092.54,67152.31,9.23,LOSS,-9.23,391.11
2026-02-23 00:55 UTC,5m,DOWN,0.431,1.0,1.2,0.391,0.546,66740.47,66453.73,19.56,WIN,29.24,420.35
2026-02-23 01:00 UTC,5m,DOWN,0.415,1.0,1.2,0.415,0.545,66453.73,65560.0,15.26,WIN,20.65,441.0
2026-02-23 01:05 UTC,5m,DOWN,0.62,1.0,1.2,0.35,0.557,65560.0,65481.74,22.05,WIN,39.26,480.26
2026-02-23 01:15 UTC,5m,DOWN,0.493,1.0,1.2,0.374,0.55,65111.19,65060.01,24.01,WIN,38.55,518.81
2026-02-23 01:45 UTC,5m,DOWN,0.47,1.0,1.2,0.363,0.548,64663.45,64448.53,25.94,WIN,43.66,562.47
2026-02-23 01:50 UTC,5m,DOWN,0.353,1.0,1.2,0.439,0.541,64448.53,64427.65,9.0,WIN,11.04,573.51
2026-02-23 10:00 UTC,5m,UP,0.268,1.0,1.0,0.528,0.536,66482.34,66358.25,1.89,LOSS,-1.89,571.62
2026-02-23 12:30 UTC,5m,DOWN,0.26,0.4,0.6,0.426,0.536,65954.54,66243.8,4.03,LOSS,-4.03,567.59
2026-02-23 14:30 UTC,5m,DOWN,0.122,1.0,1.0,0.463,0.527,65938.15,65845.29,2.5,WIN,2.79,570.38
2026-02-23 14:45 UTC,5m,DOWN,0.218,1.0,1.0,0.423,0.533,65649.99,65944.03,19.4,LOSS,-19.4,550.98
2026-02-23 15:20 UTC,5m,DOWN,0.08,1.0,1.2,0.463,0.525,65933.01,65806.54,4.47,WIN,4.98,555.96
2026-02-23 15:50 UTC,5m,DOWN,0.086,1.0,1.0,0.465,0.525,65655.14,65660.1,2.54,LOSS,-2.54,553.42
2026-02-23 16:00 UTC,5m,DOWN,0.252,1.0,1.0,0.389,0.535,65415.21,65415.24,27.67,LOSS,-27.67,525.75
2026-02-23 17:10 UTC,5m,DOWN,0.176,1.0,1.0,0.437,0.531,65081.03,64788.47,12.93,WIN,16.0,541.75
2026-02-23 17:15 UTC,5m,DOWN,0.227,1.0,1.0,0.404,0.534,64788.47,64746.15,26.3,WIN,37.24,578.99
2026-02-23 17:25 UTC,5m,DOWN,0.243,1.0,1.0,0.45,0.535,64579.25,64570.38,5.53,WIN,6.49,585.48
2026-02-23 18:55 UTC,5m,DOWN,0.06,1.0,1.0,0.46,0.524,64635.49,64623.02,6.24,WIN,7.04,592.52
2026-02-23 19:30 UTC,5m,DOWN,0.171,1.0,0.6,0.436,0.53,64331.3,64144.88,9.14,WIN,11.35,603.87
2026-02-23 19:35 UTC,5m,DOWN,0.218,1.0,0.6,0.434,0.533,64144.88,64213.24,9.02,LOSS,-9.02,594.85
2026-02-23 20:10 UTC,5m,DOWN,0.235,1.0,0.6,0.435,0.534,63961.55,64000.88,8.25,LOSS,-8.25,586.6
2026-02-24 01:10 UTC,5m,DOWN,0.231,1.0,1.0,0.413,0.534,64324.95,63773.51,24.26,WIN,33.1,619.7
2026-02-24 01:15 UTC,5m,DOWN,0.453,1.0,1.2,0.35,0.547,63773.51,64243.26,30.99,LOSS,-30.99,588.71
2026-02-24 03:00 UTC,5m,DOWN,0.19,1.0,1.0,0.39,0.531,63859.52,63783.9,29.44,WIN,44.19,632.9
2026-02-24 03:05 UTC,5m,DOWN,0.101,1.0,1.0,0.466,0.526,63783.9,63685.23,1.76,WIN,1.94,634.84
2026-02-24 03:20 UTC,5m,DOWN,0.157,1.0,1.0,0.452,0.529,63713.98,63705.78,7.94,WIN,9.25,644.09
2026-02-24 04:05 UTC,5m,DOWN,0.299,1.0,0.6,0.426,0.538,63311.33,63012.06,10.55,WIN,13.65,657.74
2026-02-24 04:10 UTC,5m,DOWN,0.359,1.0,0.6,0.371,0.542,63012.06,62975.4,26.08,WIN,42.42,700.16
2026-02-24 05:20 UTC,5m,DOWN,0.307,1.0,0.6,0.352,0.538,62715.52,62820.77,34.16,LOSS,-34.16,666.0
2026-02-24 12:00 UTC,5m,DOWN,0.119,1.0,0.6,0.447,0.527,63144.61,63206.01,7.61,LOSS,-7.61,658.39
2026-02-24 12:55 UTC,5m,DOWN,0.117,1.0,1.0,0.449,0.527,62969.05,62974.92,11.44,LOSS,-11.44,646.95
2026-02-24 13:20 UTC,5m,DOWN,0.155,1.0,1.0,0.439,0.529,62929.36,62920.29,15.53,WIN,19.06,666.01
2026-02-24 13:30 UTC,5m,DOWN,0.29,1.0,1.0,0.415,0.537,62696.0,62950.28,24.46,LOSS,-24.46,641.55
2026-02-24 15:20 UTC,5m,UP,0.195,1.0,1.2,0.509,0.532,63888.66,63928.22,14.02,WIN,12.99,654.54
2026-02-24 17:05 UTC,5m,UP,0.137,1.0,1.0,0.52,0.528,64429.87,64412.0,2.22,LOSS,-2.22,652.32
2026-02-25 01:00 UTC,5m,UP,0.103,1.0,0.6,0.506,0.526,64292.9,64424.62,6.07,WIN,5.69,658.01
2026-02-25 01:05 UTC,5m,UP,0.162,1.0,1.0,0.504,0.53,64424.62,65606.34,13.88,WIN,13.12,671.13
2026-02-25 01:35 UTC,5m,UP,0.339,1.0,1.2,0.528,0.54,66144.64,65813.69,6.33,LOSS,-6.33,664.8
2026-02-25 08:50 UTC,5m,UP,0.334,1.0,0.6,0.507,0.54,65586.87,65530.49,11.46,LOSS,-11.46,653.34
2026-02-25 12:50 UTC,5m,UP,0.313,1.0,1.0,0.497,0.539,66133.85,66068.94,24.13,LOSS,-24.13,629.21
2026-02-25 13:35 UTC,5m,UP,0.219,1.0,1.0,0.519,0.533,66254.51,66315.81,6.04,WIN,5.38,634.59
2026-02-25 14:05 UTC,5m,UP,0.13,1.0,1.2,0.507,0.528,66437.24,66482.86,12.33,WIN,11.52,646.11
2026-02-25 15:00 UTC,5m,UP,0.192,1.0,1.2,0.525,0.532,67103.89,66826.97,1.25,LOSS,-1.25,644.86
2026-02-25 15:30 UTC,5m,UP,0.166,1.0,1.2,0.517,0.53,67244.53,67325.62,6.44,WIN,5.78,650.64
2026-02-25 15:35 UTC,5m,UP,0.129,1.0,1.2,0.489,0.528,67325.62,67515.29,26.03,WIN,26.13,676.77
2026-02-26 09:45 UTC,5m,UP,0.128,1.0,1.0,0.517,0.528,68517.35,68600.09,4.02,WIN,3.61,680.38
2026-02-26 12:40 UTC,5m,DOWN,0.097,0.4,0.6,0.448,0.526,68082.32,68179.71,3.16,LOSS,-3.16,677.22
2026-02-26 13:50 UTC,5m,DOWN,0.074,1.0,0.6,0.433,0.524,67979.93,67905.35,13.58,WIN,17.08,694.3
2026-02-26 13:55 UTC,5m,DOWN,0.14,1.0,0.6,0.458,0.528,67905.35,67842.29,3.34,WIN,3.8,698.1
2026-02-26 14:35 UTC,5m,DOWN,0.15,1.0,1.2,0.451,0.529,67860.97,67799.74,11.55,WIN,13.5,711.6
2026-02-26 14:45 UTC,5m,DOWN,0.316,1.0,1.2,0.381,0.539,67361.75,67484.5,35.58,LOSS,-35.58,676.02
2026-02-26 15:00 UTC,5m,DOWN,0.114,1.0,1.2,0.43,0.527,67544.28,67350.4,27.39,WIN,34.86,710.88
2026-02-26 15:15 UTC,5m,DOWN,0.276,1.0,1.2,0.35,0.537,66965.23,66987.4,35.54,LOSS,-35.54,675.34
2026-02-26 15:30 UTC,5m,DOWN,0.27,1.0,1.2,0.444,0.536,66818.0,67291.8,10.88,LOSS,-10.88,664.46
2026-02-26 16:30 UTC,5m,DOWN,0.129,1.0,1.0,0.432,0.528,67200.84,67084.26,20.81,WIN,26.27,690.73
2026-02-26 16:50 UTC,5m,DOWN,0.335,1.0,1.0,0.366,0.54,66604.68,66643.55,34.54,LOSS,-34.54,656.19
2026-02-26 20:35 UTC,5m,DOWN,0.108,1.0,0.6,0.419,0.526,67374.56,67470.59,16.92,LOSS,-16.92,639.27
2026-02-27 00:35 UTC,5m,DOWN,0.247,1.0,0.6,0.422,0.535,67132.82,67132.81,12.78,WIN,16.81,656.08
2026-02-27 04:10 UTC,5m,UP,0.271,1.0,1.0,0.507,0.536,67927.79,68149.99,16.31,WIN,15.23,671.31
2026-02-27 04:50 UTC,5m,UP,0.139,1.0,1.0,0.504,0.528,67894.58,67747.49,13.22,LOSS,-13.22,658.09
2026-02-27 07:25 UTC,5m,DOWN,0.083,0.4,0.6,0.443,0.525,67506.39,67619.68,3.87,LOSS,-3.87,654.22
2026-02-27 10:10 UTC,5m,DOWN,0.372,1.0,1.2,0.387,0.542,66874.31,66977.63,32.71,LOSS,-32.71,621.51
2026-02-27 10:50 UTC,5m,DOWN,0.308,1.0,1.2,0.424,0.538,66603.46,66604.91,21.24,LOSS,-21.24,600.27
2026-02-27 11:15 UTC,5m,DOWN,0.313,1.0,1.0,0.419,0.539,66404.25,66521.12,19.39,LOSS,-19.39,580.88
2026-02-27 11:35 UTC,5m,DOWN,0.31,1.0,1.0,0.404,0.539,66122.78,66002.58,25.75,WIN,36.46,617.34
2026-02-27 11:40 UTC,5m,DOWN,0.237,1.0,1.0,0.431,0.534,66002.58,66096.85,16.3,LOSS,-16.3,601.04
2026-02-27 12:45 UTC,5m,DOWN,0.144,1.0,0.6,0.438,0.529,65756.95,65823.43,9.18,LOSS,-9.18,591.86
2026-02-27 16:40 UTC,5m,DOWN,0.15,1.0,0.6,0.408,0.529,65729.57,65494.21,17.54,WIN,24.43,616.29
2026-02-27 16:45 UTC,5m,DOWN,0.225,1.0,0.6,0.444,0.534,65494.21,65584.34,5.87,LOSS,-5.87,610.42
2026-02-27 16:55 UTC,5m,DOWN,0.19,1.0,0.6,0.432,0.531,65475.21,65631.38,10.28,LOSS,-10.28,600.14
2026-02-27 18:50 UTC,5m,DOWN,0.132,1.0,0.6,0.393,0.528,65237.41,65314.76,22.16,LOSS,-22.16,577.98
2026-02-27 22:30 UTC,5m,DOWN,0.441,1.0,1.0,0.386,0.546,64986.0,65274.48,28.9,LOSS,-28.9,549.08
2026-02-28 00:25 UTC,5m,DOWN,0.049,1.0,0.6,0.45,0.523,65775.8,65815.81,6.67,LOSS,-6.67,542.41
2026-02-28 06:15 UTC,5m,DOWN,0.506,1.0,1.2,0.35,0.55,64944.0,64960.42,27.12,LOSS,-27.12,515.29
2026-02-28 06:25 UTC,5m,DOWN,0.463,1.0,1.2,0.405,0.548,64570.21,64092.8,22.12,WIN,31.19,546.48
2026-02-28 06:30 UTC,5m,DOWN,0.523,1.0,1.2,0.35,0.551,64092.8,63786.95,27.32,WIN,48.64,595.12
2026-02-28 06:35 UTC,5m,DOWN,0.443,1.0,1.2,0.405,0.547,63786.95,64052.07,26.28,LOSS,-26.28,568.84
2026-02-28 06:50 UTC,5m,DOWN,0.423,1.0,1.2,0.361,0.545,63400.59,63216.01,28.44,WIN,48.28,617.12
2026-02-28 08:05 UTC,5m,DOWN,0.132,1.0,1.2,0.461,0.528,63595.04,63623.2,4.22,LOSS,-4.22,612.9
2026-02-28 11:55 UTC,5m,DOWN,0.053,1.0,0.6,0.439,0.523,63844.2,63866.0,10.85,LOSS,-10.85,602.05
2026-02-28 14:00 UTC,5m,DOWN,0.281,0.4,1.2,0.382,0.537,64809.73,64922.27,17.95,LOSS,-17.95,584.1
2026-03-01 07:35 UTC,5m,UP,0.061,1.0,0.6,0.51,0.524,67186.5,67102.17,3.13,LOSS,-3.13,580.97
2026-03-01 12:45 UTC,5m,DOWN,0.086,1.0,0.6,0.465,0.525,66342.28,66348.8,1.59,LOSS,-1.59,579.38
2026-03-01 14:05 UTC,5m,UP,0.179,1.0,1.2,0.496,0.531,67056.06,67073.12,20.72,WIN,20.22,599.6
2026-03-01 15:00 UTC,5m,UP,0.081,1.0,1.0,0.511,0.525,66955.06,66971.46,5.49,WIN,5.05,604.65
2026-03-01 16:45 UTC,5m,DOWN,0.534,0.4,1.0,0.35,0.552,66092.08,66125.36,17.43,LOSS,-17.43,587.22
2026-03-01 17:15 UTC,5m,DOWN,0.361,1.0,1.0,0.389,0.542,65835.27,66002.04,29.36,LOSS,-29.36,557.86
2026-03-01 19:40 UTC,5m,DOWN,0.344,1.0,0.6,0.438,0.541,65823.64,65906.56,4.92,LOSS,-4.92,552.94
2026-03-01 20:05 UTC,5m,DOWN,0.377,1.0,0.6,0.436,0.543,65587.59,65454.66,4.86,WIN,6.04,558.98
2026-03-01 22:30 UTC,5m,DOWN,0.308,1.0,1.2,0.35,0.538,65301.43,65300.0,27.95,WIN,49.77,608.75
2026-03-02 03:35 UTC,5m,UP,0.216,1.0,0.6,0.503,0.533,66874.69,66893.47,9.26,WIN,8.79,617.54
2026-03-02 06:45 UTC,5m,DOWN,0.156,1.0,1.0,0.432,0.529,66161.96,66161.32,18.45,WIN,23.29,640.83
2026-03-02 07:05 UTC,5m,DOWN,0.348,1.0,1.0,0.403,0.541,65665.67,65698.37,27.67,LOSS,-27.67,613.16
2026-03-02 07:15 UTC,5m,DOWN,0.258,1.0,1.0,0.435,0.535,65550.01,65744.56,13.42,LOSS,-13.42,599.74
2026-03-02 08:00 UTC,5m,DOWN,0.135,1.0,1.0,0.418,0.528,65823.76,65892.2,25.41,LOSS,-25.41,574.33
2026-03-02 09:55 UTC,5m,DOWN,0.067,0.4,0.6,0.447,0.524,66168.62,66288.66,3.02,LOSS,-3.02,571.31
2026-03-02 11:25 UTC,5m,DOWN,0.065,1.0,0.6,0.46,0.524,66064.89,66075.0,3.56,LOSS,-3.56,567.75
2026-03-02 13:00 UTC,5m,DOWN,0.2,1.0,0.6,0.438,0.532,65883.92,65841.22,7.64,WIN,9.41,577.16
2026-03-02 13:25 UTC,5m,DOWN,0.242,1.0,0.6,0.417,0.535,65815.35,65850.29,13.03,LOSS,-13.03,564.13
2026-03-02 13:40 UTC,5m,DOWN,0.22,1.0,1.0,0.418,0.533,65587.56,65476.77,21.41,WIN,28.62,592.75
2026-03-02 15:00 UTC,5m,UP,0.322,1.0,1.2,0.515,0.539,67258.82,67741.88,14.31,WIN,12.95,605.7
2026-03-02 18:30 UTC,5m,UP,0.053,1.0,0.6,0.503,0.523,69185.89,69056.64,5.61,LOSS,-5.61,600.09
2026-03-02 19:30 UTC,5m,UP,0.051,1.0,0.6,0.49,0.523,68899.18,68878.54,10.0,LOSS,-10.0,590.09
2026-03-03 01:20 UTC,5m,UP,0.071,1.0,1.0,0.517,0.524,69003.23,68909.32,1.39,LOSS,-1.39,588.7
2026-03-03 04:35 UTC,5m,DOWN,0.092,0.4,0.6,0.44,0.526,68268.46,68194.9,3.75,WIN,4.58,593.28
2026-03-03 04:45 UTC,5m,DOWN,0.194,0.4,0.6,0.435,0.532,68098.0,68122.7,3.61,LOSS,-3.61,589.67
2026-03-03 05:45 UTC,5m,DOWN,0.18,1.0,1.0,0.442,0.531,67870.03,67945.95,11.84,LOSS,-11.84,577.83
2026-03-03 08:30 UTC,5m,DOWN,0.242,1.0,1.0,0.453,0.535,67631.78,67507.76,3.99,WIN,4.63,582.46
2026-03-03 08:35 UTC,5m,DOWN,0.26,1.0,1.0,0.433,0.536,67507.76,67347.0,13.68,WIN,17.2,599.66
2026-03-03 08:40 UTC,5m,DOWN,0.283,1.0,1.0,0.419,0.537,67347.0,67144.32,20.31,WIN,27.04,626.7
2026-03-03 08:45 UTC,5m,DOWN,0.317,1.0,1.0,0.405,0.539,67144.32,67106.61,27.08,WIN,38.19,664.89
2026-03-03 09:25 UTC,5m,DOWN,0.415,1.0,1.0,0.371,0.545,66629.37,66621.31,33.24,WIN,54.06,718.95
2026-03-03 13:00 UTC,5m,DOWN,0.121,1.0,1.0,0.415,0.527,67150.38,67201.93,32.69,LOSS,-32.69,686.26
2026-03-03 13:45 UTC,5m,DOWN,0.235,1.0,0.6,0.432,0.534,66737.76,66912.39,10.57,LOSS,-10.57,675.69
2026-03-03 14:30 UTC,5m,DOWN,0.145,1.0,1.0,0.426,0.529,66869.99,66998.0,23.93,LOSS,-23.93,651.76
2026-03-03 14:40 UTC,5m,DOWN,0.33,1.0,1.0,0.35,0.54,66464.0,66286.08,32.59,WIN,58.03,709.79
2026-03-03 14:45 UTC,5m,DOWN,0.173,1.0,1.2,0.421,0.53,66286.08,66786.72,32.36,LOSS,-32.36,677.43
2026-03-03 22:40 UTC,5m,UP,0.208,1.0,0.6,0.523,0.532,68398.0,68290.72,1.93,LOSS,-1.93,675.5
2026-03-04 03:05 UTC,5m,UP,0.072,1.0,0.6,0.507,0.524,68271.56,68265.27,5.12,LOSS,-5.12,670.38
2026-03-04 03:30 UTC,5m,DOWN,0.32,0.4,1.0,0.35,0.539,67526.33,67633.43,21.99,LOSS,-21.99,648.39
2026-03-04 06:40 UTC,5m,UP,0.232,1.0,1.0,0.498,0.534,68665.31,68669.0,20.17,WIN,19.53,667.92
2026-03-04 07:55 UTC,5m,UP,0.23,1.0,1.0,0.52,0.534,69493.13,69394.96,6.19,LOSS,-6.19,661.73
2026-03-04 19:15 UTC,5m,UP,0.156,1.0,0.6,0.513,0.529,73980.09,73659.9,4.68,LOSS,-4.68,657.05
2026-03-05 04:35 UTC,5m,UP,0.123,1.0,0.6,0.519,0.527,72766.05,72922.81,1.4,WIN,1.25,658.3
2026-03-05 07:35 UTC,5m,DOWN,0.068,1.0,0.6,0.468,0.524,72231.22,72181.81,1.09,WIN,1.19,659.49
2026-03-05 07:50 UTC,5m,DOWN,0.293,1.0,1.0,0.42,0.538,71792.55,72055.5,21.46,LOSS,-21.46,638.03
2026-03-05 08:25 UTC,5m,DOWN,0.203,1.0,1.0,0.447,0.532,71829.9,72079.34,9.21,LOSS,-9.21,628.82
2026-03-05 10:20 UTC,5m,UP,0.129,1.0,0.6,0.511,0.528,72924.35,73151.8,4.58,WIN,4.21,633.03
2026-03-05 14:35 UTC,5m,DOWN,0.252,1.0,1.0,0.404,0.535,72212.75,72004.99,29.93,WIN,42.38,675.41
2026-03-05 15:05 UTC,5m,DOWN,0.242,1.0,1.2,0.41,0.535,71845.29,71798.63,33.77,WIN,46.65,722.06
2026-03-05 15:15 UTC,5m,DOWN,0.133,1.0,1.2,0.44,0.528,71675.91,71529.03,21.09,WIN,25.78,747.84
2026-03-05 15:25 UTC,5m,DOWN,0.231,1.0,1.2,0.419,0.534,71278.46,71318.62,32.83,LOSS,-32.83,715.01
2026-03-05 16:05 UTC,5m,DOWN,0.374,1.0,1.2,0.392,0.542,70861.75,71005.23,35.75,LOSS,-35.75,679.26
2026-03-05 17:05 UTC,5m,DOWN,0.254,1.0,1.0,0.404,0.535,71072.27,71171.52,32.04,LOSS,-32.04,647.22
2026-03-05 17:30 UTC,5m,DOWN,0.087,1.0,0.6,0.45,0.525,70767.22,70911.44,7.05,LOSS,-7.05,640.17
2026-03-05 22:25 UTC,5m,DOWN,0.106,1.0,1.0,0.433,0.526,71160.45,71193.59,20.3,LOSS,-20.3,619.87
2026-03-05 23:30 UTC,5m,DOWN,0.294,1.0,0.6,0.41,0.538,70892.99,70983.82,15.05,LOSS,-15.05,604.82
2026-03-06 01:25 UTC,5m,DOWN,0.343,1.0,0.6,0.399,0.541,70465.03,70850.88,16.87,LOSS,-16.87,587.95
2026-03-06 05:40 UTC,5m,DOWN,0.223,1.0,1.0,0.458,0.533,70201.81,70161.39,1.98,WIN,2.25,590.2
2026-03-06 08:00 UTC,5m,DOWN,0.113,1.0,1.0,0.463,0.527,70951.48,70935.76,2.9,WIN,3.23,593.43
2026-03-06 09:10 UTC,5m,DOWN,0.269,1.0,0.6,0.447,0.536,70572.0,70590.1,3.85,LOSS,-3.85,589.58
2026-03-06 11:45 UTC,5m,DOWN,0.109,1.0,0.6,0.447,0.527,70311.73,70261.01,6.93,WIN,8.23,597.81
2026-03-06 12:05 UTC,5m,DOWN,0.325,1.0,1.0,0.403,0.54,69833.34,69927.54,26.51,LOSS,-26.51,571.3
2026-03-06 13:55 UTC,5m,DOWN,0.434,1.0,1.0,0.35,0.546,69208.0,69182.01,28.56,WIN,50.85,622.15
2026-03-06 14:05 UTC,5m,DOWN,0.456,1.0,1.2,0.374,0.547,68662.2,68826.06,31.11,LOSS,-31.11,591.04
2026-03-06 14:35 UTC,5m,DOWN,0.282,1.0,1.2,0.425,0.537,68641.34,68743.0,20.58,LOSS,-20.58,570.46
2026-03-06 17:35 UTC,5m,DOWN,0.244,1.0,0.6,0.445,0.535,67858.74,67832.33,4.78,WIN,5.73,576.19
2026-03-07 04:00 UTC,5m,DOWN,0.183,1.0,1.0,0.431,0.531,67903.11,67886.69,16.87,WIN,21.39,597.58
2026-03-07 05:10 UTC,5m,DOWN,0.108,1.0,1.0,0.432,0.526,68005.05,67943.72,19.38,WIN,24.47,622.05
2026-03-07 06:50 UTC,5m,DOWN,0.297,1.0,0.6,0.421,0.538,67695.71,67690.86,11.76,WIN,15.53,637.58
2026-03-07 07:00 UTC,5m,DOWN,0.289,1.0,1.0,0.453,0.537,67570.45,67475.14,2.74,WIN,3.18,640.76
2026-03-07 14:00 UTC,5m,DOWN,0.119,1.0,1.0,0.451,0.527,67849.38,67701.0,9.93,WIN,11.61,652.37
2026-03-07 18:00 UTC,5m,DOWN,0.187,1.0,0.6,0.408,0.531,67606.99,67619.03,18.6,LOSS,-18.6,633.77
2026-03-07 18:30 UTC,5m,DOWN,0.278,1.0,1.0,0.453,0.537,67521.74,67577.75,3.11,LOSS,-3.11,630.66
2026-03-08 04:50 UTC,5m,DOWN,0.327,1.0,0.6,0.429,0.54,66626.99,66637.36,8.82,LOSS,-8.82,621.84
2026-03-08 12:05 UTC,5m,DOWN,0.293,0.4,1.0,0.405,0.538,67301.98,67053.16,11.05,WIN,15.58,637.42
2026-03-08 12:10 UTC,5m,DOWN,0.267,0.4,1.2,0.415,0.536,67053.16,67155.89,11.6,LOSS,-11.6,625.82
2026-03-08 13:10 UTC,5m,DOWN,0.261,1.0,1.0,0.369,0.536,66974.1,67075.18,31.29,LOSS,-31.29,594.53
2026-03-08 14:40 UTC,5m,DOWN,0.095,1.0,0.6,0.423,0.526,67130.9,67148.74,14.44,LOSS,-14.44,580.09
2026-03-08 16:45 UTC,5m,DOWN,0.145,1.0,0.6,0.462,0.529,66925.2,66906.58,1.4,WIN,1.57,581.66
2026-03-08 21:05 UTC,5m,DOWN,0.228,0.4,1.0,0.389,0.534,66930.27,66779.83,13.88,WIN,20.92,602.58
2026-03-08 21:10 UTC,5m,DOWN,0.156,1.0,1.0,0.444,0.529,66779.83,66870.0,11.83,LOSS,-11.83,590.75
2026-03-08 22:00 UTC,5m,DOWN,0.541,1.0,1.2,0.35,0.552,65775.36,66032.59,29.54,LOSS,-29.54,561.21
2026-03-08 22:15 UTC,5m,DOWN,0.287,1.0,1.2,0.383,0.537,65774.2,65660.8,28.06,WIN,43.37,604.58
2026-03-08 22:20 UTC,5m,DOWN,0.191,1.0,1.2,0.433,0.531,65660.8,65915.08,19.71,LOSS,-19.71,584.87
2026-03-09 00:20 UTC,5m,DOWN,0.168,1.0,0.6,0.442,0.53,65982.25,66170.4,7.27,LOSS,-7.27,577.6
2026-03-09 03:15 UTC,5m,UP,0.31,1.0,1.0,0.529,0.539,67639.7,67145.76,2.85,LOSS,-2.85,574.75
2026-03-09 07:35 UTC,5m,UP,0.051,1.0,0.6,0.495,0.523,67384.22,67427.67,7.95,WIN,7.79,582.54
2026-03-09 08:05 UTC,5m,UP,0.134,1.0,0.6,0.52,0.528,67618.19,67573.07,1.12,LOSS,-1.12,581.42
2026-03-09 12:15 UTC,5m,UP,0.089,1.0,0.6,0.503,0.525,67991.75,68080.2,6.15,WIN,5.84,587.26
2026-03-09 12:20 UTC,5m,UP,0.12,1.0,0.6,0.513,0.527,68080.2,68153.37,3.36,WIN,3.06,590.32
2026-03-09 12:25 UTC,5m,UP,0.26,1.0,0.6,0.517,0.536,68153.37,68005.4,5.04,LOSS,-5.04,585.28
2026-03-10 04:30 UTC,5m,UP,0.105,1.0,0.6,0.518,0.526,69840.01,69950.11,1.21,WIN,1.08,586.36
2026-03-10 04:35 UTC,5m,UP,0.057,1.0,0.6,0.511,0.523,69950.11,69940.04,2.7,LOSS,-2.7,583.66
2026-03-10 07:10 UTC,5m,UP,0.108,1.0,1.0,0.519,0.526,70240.36,70390.99,1.52,WIN,1.35,585.01
2026-03-10 07:45 UTC,5m,UP,0.117,1.0,1.0,0.495,0.527,70404.77,70390.67,15.81,LOSS,-15.81,569.2
2026-03-10 14:00 UTC,5m,UP,0.092,0.4,1.2,0.513,0.526,70008.0,69624.51,2.13,LOSS,-2.13,567.07
2026-03-10 14:05 UTC,5m,DOWN,0.264,1.0,1.2,0.406,0.536,69624.51,69482.0,28.35,WIN,39.82,606.89
2026-03-10 21:35 UTC,5m,DOWN,0.26,1.0,0.6,0.444,0.536,69794.9,69746.41,5.09,WIN,6.12,613.01
2026-03-10 21:45 UTC,5m,DOWN,0.255,1.0,0.6,0.448,0.535,69664.0,69769.2,3.93,LOSS,-3.93,609.08
2026-03-11 04:50 UTC,5m,UP,0.36,0.4,0.6,0.527,0.542,70241.11,70130.99,1.5,LOSS,-1.5,607.58
2026-03-11 12:00 UTC,5m,DOWN,0.252,1.0,1.0,0.456,0.535,69089.63,69030.02,2.19,WIN,2.51,610.09
2026-03-11 16:40 UTC,5m,UP,0.189,1.0,0.6,0.496,0.531,70749.87,70694.58,11.13,LOSS,-11.13,598.96
2026-03-11 23:00 UTC,5m,UP,0.127,1.0,1.0,0.489,0.528,70459.61,70424.59,19.9,LOSS,-19.9,579.06
2026-03-12 01:00 UTC,5m,DOWN,0.174,0.4,1.0,0.426,0.53,69969.57,69973.7,7.85,LOSS,-7.85,571.21
2026-03-12 14:30 UTC,5m,DOWN,0.102,0.4,1.2,0.434,0.526,69783.86,69577.62,8.52,WIN,10.67,581.88
2026-03-13 00:15 UTC,5m,UP,0.269,1.0,1.2,0.526,0.536,71270.18,71530.0,3.83,WIN,3.32,585.2
2026-03-13 07:40 UTC,5m,UP,0.18,1.0,0.6,0.52,0.531,71575.4,71612.0,2.14,WIN,1.9,587.1
2026-03-13 17:25 UTC,5m,DOWN,0.118,0.4,0.6,0.431,0.527,71659.82,71624.49,4.61,WIN,5.84,592.94
2026-03-13 17:40 UTC,5m,DOWN,0.17,1.0,0.6,0.424,0.53,71198.81,71093.64,12.71,WIN,16.58,609.52
2026-03-13 20:25 UTC,5m,DOWN,0.059,1.0,0.6,0.458,0.524,71307.96,71319.93,4.58,LOSS,-4.58,604.94
2026-03-13 21:25 UTC,5m,DOWN,0.206,1.0,0.6,0.442,0.532,71165.41,71156.8,6.77,WIN,8.21,613.15
2026-03-13 22:00 UTC,5m,DOWN,0.315,1.0,0.6,0.453,0.539,70800.14,70850.25,1.05,LOSS,-1.05,612.1
2026-03-14 05:30 UTC,5m,DOWN,0.112,1.0,1.0,0.42,0.527,70964.37,70999.13,25.7,LOSS,-25.7,586.4
2026-03-14 06:35 UTC,5m,DOWN,0.282,1.0,1.0,0.439,0.537,70545.15,70459.33,10.06,WIN,12.35,598.75
2026-03-14 15:30 UTC,5m,DOWN,0.129,1.0,1.0,0.442,0.528,70570.93,70563.71,13.67,WIN,16.57,615.32
2026-03-15 02:05 UTC,5m,UP,0.19,1.0,1.0,0.513,0.531,71278.86,71305.29,8.55,WIN,7.8,623.12
2026-03-15 05:15 UTC,5m,UP,0.071,1.0,1.0,0.509,0.524,71680.0,71688.57,6.58,WIN,6.1,629.22
2026-03-15 08:10 UTC,5m,UP,0.096,1.0,0.6,0.51,0.526,71594.53,71642.26,4.19,WIN,3.87,633.09
2026-03-15 09:00 UTC,5m,UP,0.261,1.0,1.0,0.526,0.536,71880.0,71919.6,3.15,WIN,2.73,635.82
2026-03-15 13:35 UTC,5m,DOWN,0.166,0.4,1.2,0.461,0.53,71291.68,71449.89,1.15,LOSS,-1.15,634.67
2026-03-15 14:55 UTC,5m,UP,0.084,1.0,0.6,0.509,0.525,71622.03,71579.99,4.33,LOSS,-4.33,630.34
2026-03-15 21:15 UTC,5m,UP,0.101,1.0,1.0,0.507,0.526,71725.21,71733.83,9.08,WIN,8.48,638.82
2026-03-15 22:00 UTC,5m,UP,0.217,1.0,1.0,0.493,0.533,72222.74,71964.94,22.28,LOSS,-22.28,616.54
2026-03-15 22:45 UTC,5m,UP,0.116,1.0,1.2,0.499,0.527,72494.06,72691.55,17.12,WIN,16.51,633.05
2026-03-16 03:15 UTC,5m,UP,0.098,1.0,0.6,0.5,0.526,72602.25,72842.98,8.01,WIN,7.69,640.74
2026-03-16 13:45 UTC,5m,UP,0.107,1.0,1.0,0.511,0.526,74190.92,73892.55,6.9,LOSS,-6.9,633.84
2026-03-16 14:00 UTC,5m,UP,0.092,1.0,1.2,0.502,0.526,74225.73,74360.31,14.29,WIN,13.62,647.46
2026-03-16 15:15 UTC,5m,UP,0.115,1.0,1.2,0.506,0.527,73792.54,73859.72,12.63,WIN,11.84,659.3
2026-03-16 16:50 UTC,5m,UP,0.11,1.0,0.6,0.515,0.527,73824.41,73760.63,2.72,LOSS,-2.72,656.58
2026-03-17 04:30 UTC,5m,DOWN,0.231,0.4,0.6,0.404,0.534,74162.47,74050.0,7.62,WIN,10.79,667.37
2026-03-17 04:35 UTC,5m,DOWN,0.186,1.0,0.6,0.441,0.531,74050.0,74051.38,8.25,LOSS,-8.25,659.12
2026-03-17 22:35 UTC,5m,DOWN,0.283,1.0,1.0,0.399,0.537,73970.02,74160.0,32.64,LOSS,-32.64,626.48
2026-03-18 00:35 UTC,5m,DOWN,0.202,1.0,1.0,0.45,0.532,73593.76,73721.1,7.4,LOSS,-7.4,619.08
2026-03-18 10:40 UTC,5m,DOWN,0.159,0.4,1.0,0.44,0.53,73882.83,73942.78,5.68,LOSS,-5.68,613.4
2026-03-18 11:25 UTC,5m,DOWN,0.3,1.0,1.0,0.443,0.538,73602.91,73200.18,7.78,WIN,9.39,622.79
2026-03-18 11:30 UTC,5m,DOWN,0.378,1.0,1.2,0.428,0.543,73200.18,72853.99,16.03,WIN,20.57,643.36
2026-03-18 11:35 UTC,5m,DOWN,0.38,1.0,1.2,0.405,0.543,72853.99,73113.08,30.88,LOSS,-30.88,612.48
2026-03-18 12:05 UTC,5m,DOWN,0.248,1.0,1.2,0.432,0.535,72777.0,72751.48,18.35,WIN,23.17,635.65
2026-03-18 12:30 UTC,5m,DOWN,0.411,1.0,1.2,0.407,0.545,72384.19,72453.18,28.11,LOSS,-28.11,607.54
2026-03-18 13:50 UTC,5m,DOWN,0.076,1.0,1.0,0.443,0.525,72147.14,72133.49,15.1,WIN,18.23,625.77
2026-03-18 14:25 UTC,5m,DOWN,0.254,1.0,1.0,0.418,0.535,71652.21,71720.29,22.64,LOSS,-22.64,603.13
2026-03-18 14:40 UTC,5m,DOWN,0.194,1.0,1.0,0.437,0.532,71493.45,71589.11,14.25,LOSS,-14.25,588.88
2026-03-18 14:50 UTC,5m,DOWN,0.262,1.0,1.0,0.409,0.536,71373.59,71193.23,25.26,WIN,35.04,623.92
2026-03-18 16:20 UTC,5m,DOWN,0.045,1.0,0.6,0.452,0.523,71191.29,71230.28,7.0,LOSS,-7.0,616.92
2026-03-18 18:15 UTC,5m,DOWN,0.163,1.0,0.6,0.462,0.53,71650.72,71653.28,1.12,LOSS,-1.12,615.8
2026-03-18 18:50 UTC,5m,DOWN,0.212,1.0,1.0,0.419,0.533,71090.49,71096.74,23.14,LOSS,-23.14,592.66
2026-03-18 20:05 UTC,5m,DOWN,0.251,1.0,0.6,0.359,0.535,70615.39,70752.73,28.22,LOSS,-28.22,564.44
2026-03-18 22:00 UTC,5m,DOWN,0.091,1.0,0.6,0.442,0.525,71118.43,71023.13,8.43,WIN,10.22,574.66
2026-03-19 04:05 UTC,5m,DOWN,0.153,1.0,1.2,0.416,0.529,70840.01,70867.64,28.73,LOSS,-28.73,545.93
2026-03-19 07:00 UTC,5m,DOWN,0.213,1.0,1.0,0.435,0.533,70443.24,70311.29,13.27,WIN,16.55,562.48
2026-03-19 07:05 UTC,5m,DOWN,0.233,1.0,1.0,0.426,0.534,70311.29,69990.0,17.31,WIN,22.4,584.88
2026-03-19 07:10 UTC,5m,DOWN,0.356,1.0,1.0,0.382,0.541,69990.0,69835.92,29.24,WIN,45.39,630.27
2026-03-19 07:15 UTC,5m,DOWN,0.346,1.0,1.0,0.443,0.541,69835.92,69660.01,6.42,WIN,7.75,638.02
2026-03-19 08:25 UTC,5m,DOWN,0.085,1.0,1.0,0.467,0.525,70066.36,70053.75,1.75,WIN,1.92,639.94
2026-03-19 12:00 UTC,5m,DOWN,0.244,1.0,0.6,0.447,0.535,69841.08,69678.23,4.68,WIN,5.56,645.5
2026-03-19 12:05 UTC,5m,DOWN,0.293,1.0,0.6,0.427,0.538,69678.23,69799.83,10.37,LOSS,-10.37,635.13
2026-03-19 12:15 UTC,5m,DOWN,0.238,1.0,0.6,0.451,0.534,69648.63,69692.39,3.4,LOSS,-3.4,631.73
2026-03-19 12:45 UTC,5m,DOWN,0.212,1.0,1.0,0.454,0.533,69516.01,69308.63,4.83,WIN,5.58,637.31
2026-03-19 12:50 UTC,5m,DOWN,0.279,1.0,1.0,0.434,0.537,69308.63,69290.27,13.78,WIN,17.26,654.57
2026-03-19 13:10 UTC,5m,DOWN,0.286,1.0,1.2,0.421,0.537,69094.99,69327.39,25.21,LOSS,-25.21,629.36
2026-03-19 15:40 UTC,5m,DOWN,0.218,1.0,1.0,0.406,0.533,68900.01,69225.96,29.88,LOSS,-29.88,599.48
2026-03-19 18:45 UTC,5m,DOWN,0.043,1.0,0.6,0.465,0.523,69626.96,69710.27,2.52,LOSS,-2.52,596.96
2026-03-19 23:35 UTC,5m,DOWN,0.26,1.0,1.0,0.42,0.536,69728.93,69845.66,20.45,LOSS,-20.45,576.51
2026-03-20 00:00 UTC,5m,DOWN,0.107,1.0,1.0,0.461,0.526,69840.32,70005.86,4.09,LOSS,-4.09,572.42
2026-03-20 03:25 UTC,5m,UP,0.163,1.0,0.6,0.519,0.53,70665.41,70697.77,2.09,WIN,1.86,574.28
2026-03-20 03:50 UTC,5m,UP,0.194,1.0,1.0,0.495,0.532,70729.94,70729.92,18.17,LOSS,-18.17,556.11
2026-03-20 04:05 UTC,5m,UP,0.286,1.0,0.6,0.508,0.537,70916.52,70926.01,8.28,WIN,7.7,563.81
2026-03-20 07:40 UTC,5m,UP,0.138,1.0,1.0,0.506,0.528,70852.47,70854.02,9.96,WIN,9.34,573.15
2026-03-20 08:10 UTC,5m,UP,0.269,1.0,1.2,0.519,0.536,71274.16,71244.28,8.77,LOSS,-8.77,564.38
2026-03-20 11:05 UTC,5m,UP,0.069,1.0,0.6,0.486,0.524,70731.14,70779.36,11.02,WIN,11.2,575.58
2026-03-20 13:30 UTC,5m,DOWN,0.363,1.0,1.0,0.35,0.542,70020.7,70038.32,28.78,LOSS,-28.78,546.8
2026-03-20 13:50 UTC,5m,DOWN,0.18,1.0,1.2,0.408,0.531,70016.84,69863.84,27.34,WIN,38.08,584.88
2026-03-20 15:15 UTC,5m,DOWN,0.08,1.0,1.0,0.454,0.525,69623.7,69802.74,8.76,LOSS,-8.76,576.12
2026-03-20 20:15 UTC,5m,DOWN,0.11,0.4,0.6,0.455,0.527,70035.45,70022.2,1.72,WIN,1.98,578.1
2026-03-21 05:25 UTC,5m,UP,0.049,1.0,0.6,0.515,0.523,70792.01,70732.02,1.06,LOSS,-1.06,577.04
2026-03-21 16:25 UTC,5m,DOWN,0.062,1.0,1.0,0.451,0.524,70414.32,70466.84,10.76,LOSS,-10.76,566.28
2026-03-21 23:45 UTC,5m,DOWN,0.517,1.0,1.2,0.35,0.551,69591.39,69122.24,28.31,WIN,50.41,616.69
2026-03-21 23:50 UTC,5m,DOWN,0.495,1.0,1.2,0.35,0.55,69122.24,68918.12,30.83,WIN,54.89,671.58
2026-03-22 00:00 UTC,5m,DOWN,0.516,1.0,1.2,0.35,0.551,68450.03,68864.82,33.58,LOSS,-33.58,638.0
2026-03-22 08:15 UTC,5m,DOWN,0.168,1.0,1.0,0.417,0.53,68834.01,68890.54,26.45,LOSS,-26.45,611.55
2026-03-22 08:25 UTC,5m,DOWN,0.249,1.0,1.2,0.42,0.535,68624.01,68618.01,25.56,WIN,33.89,645.44
2026-03-22 09:15 UTC,5m,DOWN,0.079,1.0,1.2,0.421,0.525,68739.33,68677.17,32.27,WIN,42.61,688.05
2026-03-22 11:25 UTC,5m,DOWN,0.238,1.0,0.6,0.435,0.534,68419.89,68472.01,9.48,LOSS,-9.48,678.57
2026-03-22 15:35 UTC,5m,DOWN,0.059,1.0,0.6,0.439,0.524,68745.04,68803.1,11.88,LOSS,-11.88,666.69
2026-03-22 18:30 UTC,5m,DOWN,0.216,1.0,0.6,0.438,0.533,68515.42,68462.1,8.63,WIN,10.63,677.32
2026-03-22 19:45 UTC,5m,DOWN,0.184,1.0,1.0,0.441,0.531,68156.09,68211.73,14.04,LOSS,-14.04,663.28
2026-03-22 21:05 UTC,5m,DOWN,0.201,1.0,1.2,0.444,0.532,67852.73,67780.83,13.68,WIN,16.45,679.73
2026-03-22 21:15 UTC,5m,DOWN,0.384,1.0,1.2,0.371,0.543,67415.83,67670.95,33.99,LOSS,-33.99,645.74
2026-03-22 23:25 UTC,5m,DOWN,0.042,1.0,0.6,0.447,0.523,68103.9,68015.22,9.01,WIN,10.71,656.45
2026-03-22 23:45 UTC,5m,DOWN,0.15,1.0,0.6,0.432,0.529,67943.9,67868.96,11.89,WIN,15.01,671.46
2026-03-23 00:35 UTC,5m,DOWN,0.218,1.0,0.6,0.412,0.533,67604.19,67689.52,17.25,LOSS,-17.25,654.21
2026-03-23 02:10 UTC,5m,DOWN,0.11,1.0,0.6,0.437,0.527,67847.2,67930.58,11.04,LOSS,-11.04,643.17
2026-03-23 05:00 UTC,5m,UP,0.311,1.0,0.6,0.526,0.539,68700.0,68707.01,3.15,WIN,2.73,645.9
2026-03-23 06:40 UTC,5m,DOWN,0.318,0.4,1.0,0.431,0.539,67818.26,67801.41,5.71,WIN,7.24,653.14
2026-03-23 07:00 UTC,5m,DOWN,0.326,1.0,1.2,0.444,0.54,67650.13,67764.55,8.14,LOSS,-8.14,645.0
2026-03-23 10:50 UTC,5m,UP,0.147,1.0,0.6,0.508,0.529,68517.91,68551.02,6.29,WIN,5.85,650.85
2026-03-23 11:25 UTC,5m,UP,0.23,1.0,1.2,0.527,0.534,70702.57,71003.36,1.5,WIN,1.29,652.14
2026-03-23 13:40 UTC,5m,UP,0.226,1.0,0.6,0.484,0.534,71219.99,71160.4,17.06,LOSS,-17.06,635.08
2026-03-23 14:00 UTC,5m,UP,0.223,1.0,0.6,0.503,0.533,71558.13,71695.05,9.83,WIN,9.33,644.41
2026-03-23 17:35 UTC,5m,UP,0.236,1.0,0.6,0.514,0.534,71018.91,70886.86,6.09,LOSS,-6.09,638.32
2026-03-23 20:10 UTC,5m,UP,0.155,1.0,0.6,0.519,0.529,70795.16,70746.06,2.13,LOSS,-2.13,636.19
2026-03-23 22:05 UTC,5m,UP,0.103,1.0,0.6,0.514,0.526,70708.01,70727.6,2.85,WIN,2.59,638.78
2026-03-23 22:50 UTC,5m,UP,0.076,1.0,1.0,0.486,0.525,70771.64,70780.22,21.06,WIN,21.4,660.18
2026-03-23 23:20 UTC,5m,UP,0.091,1.0,0.6,0.491,0.525,70543.03,70707.2,11.58,WIN,11.53,671.71
2026-03-24 05:00 UTC,5m,DOWN,0.205,0.4,0.6,0.427,0.532,70195.21,70166.58,5.07,WIN,6.53,678.24
2026-03-24 07:15 UTC,5m,UP,0.342,1.0,1.0,0.495,0.541,70911.14,70927.81,27.48,WIN,26.93,705.17
2026-03-24 10:35 UTC,5m,UP,0.129,1.0,0.6,0.517,0.528,71243.33,71244.13,2.54,WIN,2.28,707.45
2026-03-24 12:50 UTC,5m,UP,0.123,0.4,0.6,0.493,0.527,70977.81,70956.48,4.97,LOSS,-4.97,702.48
2026-03-24 13:15 UTC,5m,DOWN,0.221,0.4,1.0,0.434,0.533,70613.02,70654.83,6.95,LOSS,-6.95,695.53
2026-03-24 13:45 UTC,5m,DOWN,0.163,1.0,1.0,0.454,0.53,70248.17,70079.72,7.21,WIN,8.33,703.86
2026-03-24 13:50 UTC,5m,DOWN,0.226,1.0,1.2,0.437,0.534,70079.72,70100.46,18.5,LOSS,-18.5,685.36
2026-03-24 14:10 UTC,5m,DOWN,0.365,1.0,1.2,0.35,0.542,69858.64,69916.5,34.27,LOSS,-34.27,651.09
2026-03-24 15:55 UTC,5m,DOWN,0.128,1.0,1.0,0.451,0.528,69873.04,69830.94,9.77,WIN,11.42,662.51
2026-03-24 16:35 UTC,5m,DOWN,0.285,1.0,0.6,0.393,0.537,69403.04,69564.81,21.43,LOSS,-21.43,641.08
2026-03-24 17:40 UTC,5m,DOWN,0.278,1.0,0.6,0.405,0.537,68946.27,69056.7,17.38,LOSS,-17.38,623.7
2026-03-25 00:35 UTC,5m,UP,0.072,1.0,0.6,0.512,0.524,70897.4,70923.89,2.84,WIN,2.6,626.3
2026-03-25 10:45 UTC,5m,UP,0.134,1.0,0.6,0.517,0.528,71546.67,71581.66,2.37,WIN,2.13,628.43
2026-03-25 11:15 UTC,5m,UP,0.179,1.0,0.6,0.494,0.531,71698.99,71699.46,11.94,WIN,11.75,640.18
2026-03-25 13:30 UTC,5m,UP,0.223,1.0,1.0,0.505,0.533,71759.18,71827.82,15.27,WIN,14.38,654.56
2026-03-25 15:15 UTC,5m,DOWN,0.239,0.4,1.0,0.424,0.534,70688.01,70934.82,8.4,LOSS,-8.4,646.16
2026-03-26 02:15 UTC,5m,DOWN,0.201,0.4,0.6,0.418,0.532,70940.87,70912.22,6.04,WIN,8.07,654.23
2026-03-26 05:40 UTC,5m,DOWN,0.327,1.0,1.0,0.429,0.54,70310.9,70353.77,15.25,LOSS,-15.25,638.98
2026-03-26 05:50 UTC,5m,DOWN,0.333,1.0,1.0,0.414,0.54,70115.31,70016.98,22.56,WIN,30.66,669.64
2026-03-26 05:55 UTC,5m,DOWN,0.296,1.0,1.2,0.454,0.538,70016.98,69967.87,2.41,WIN,2.78,672.42
2026-03-26 09:30 UTC,5m,DOWN,0.35,1.0,1.0,0.35,0.541,69469.15,69453.21,33.62,WIN,59.86,732.28
2026-03-26 11:20 UTC,5m,DOWN,0.151,1.0,0.6,0.413,0.529,69363.44,69321.37,19.98,WIN,27.26,759.54
2026-03-26 15:05 UTC,5m,DOWN,0.16,1.0,1.2,0.427,0.53,69174.07,68950.99,30.81,WIN,39.7,799.24
2026-03-26 15:10 UTC,5m,DOWN,0.234,1.0,1.2,0.412,0.534,68950.99,68885.14,39.96,WIN,54.75,853.99
2026-03-26 17:55 UTC,5m,DOWN,0.214,1.0,0.6,0.391,0.533,68486.86,68414.71,30.18,WIN,45.11,899.1
2026-03-26 18:00 UTC,5m,DOWN,0.153,1.0,0.6,0.457,0.529,68414.71,68482.0,4.42,LOSS,-4.42,894.68
2026-03-26 18:15 UTC,5m,DOWN,0.201,1.0,1.0,0.436,0.532,68328.83,68317.45,21.56,WIN,26.78,921.46
2026-03-26 18:25 UTC,5m,DOWN,0.238,1.0,1.0,0.447,0.534,68203.58,68263.87,11.54,LOSS,-11.54,909.92
2026-03-26 20:50 UTC,5m,DOWN,0.124,1.0,1.0,0.419,0.527,68986.44,69005.21,38.36,LOSS,-38.36,871.56
2026-03-26 23:20 UTC,5m,DOWN,0.146,1.0,0.6,0.447,0.529,68705.44,68735.8,9.18,LOSS,-9.18,862.38
2026-03-27 00:35 UTC,5m,DOWN,0.09,1.0,0.6,0.436,0.525,68602.96,68718.75,15.55,LOSS,-15.55,846.83
2026-03-27 03:05 UTC,5m,DOWN,0.236,1.0,0.6,0.436,0.534,68715.54,68751.83,11.29,LOSS,-11.29,835.54
2026-03-27 04:00 UTC,5m,DOWN,0.242,1.0,1.0,0.403,0.535,68543.87,68325.77,40.56,WIN,57.67,893.21
2026-03-27 04:05 UTC,5m,DOWN,0.271,1.0,1.0,0.418,0.536,68325.77,68405.24,31.53,LOSS,-31.53,861.68
2026-03-27 08:35 UTC,5m,DOWN,0.557,1.0,1.2,0.354,0.553,67681.27,67825.04,43.08,LOSS,-43.08,818.6
2026-03-27 10:35 UTC,5m,DOWN,0.523,1.0,1.0,0.35,0.551,66984.09,66906.57,40.93,WIN,72.88,891.48
2026-03-27 10:50 UTC,5m,DOWN,0.297,1.0,1.2,0.448,0.538,66639.68,66502.41,8.98,WIN,10.63,902.11
2026-03-27 10:55 UTC,5m,DOWN,0.324,1.0,1.2,0.421,0.539,66502.41,66452.5,32.59,WIN,43.03,945.14
2026-03-27 13:30 UTC,5m,DOWN,0.204,1.0,0.6,0.411,0.532,66355.22,66445.9,25.13,LOSS,-25.13,920.01
2026-03-27 14:20 UTC,5m,DOWN,0.202,1.0,1.0,0.452,0.532,65920.89,65737.82,9.22,WIN,10.74,930.75
2026-03-27 14:25 UTC,5m,DOWN,0.221,1.0,1.0,0.431,0.533,65737.82,65896.2,25.36,LOSS,-25.36,905.39
2026-03-27 17:40 UTC,5m,DOWN,0.17,1.0,0.6,0.419,0.53,65631.7,65650.55,21.6,LOSS,-21.6,883.79
2026-03-28 12:10 UTC,5m,UP,0.193,1.0,0.6,0.503,0.532,66406.28,66500.87,12.71,WIN,12.06,895.85
2026-03-28 12:15 UTC,5m,UP,0.234,1.0,0.6,0.491,0.534,66500.87,66446.03,20.28,LOSS,-20.28,875.57
2026-03-28 15:20 UTC,5m,UP,0.237,1.0,1.2,0.526,0.534,67242.88,67028.67,3.61,LOSS,-3.61,871.96
2026-03-28 22:15 UTC,5m,UP,0.098,0.4,1.0,0.504,0.526,66725.44,66771.63,6.0,WIN,5.67,877.63
2026-03-28 23:15 UTC,5m,DOWN,0.138,1.0,1.2,0.439,0.528,66328.21,66398.26,26.25,LOSS,-26.25,851.38
2026-03-29 02:50 UTC,5m,UP,0.237,1.0,0.6,0.514,0.534,66808.73,66818.0,8.08,WIN,7.34,858.72
2026-03-29 09:30 UTC,5m,DOWN,0.125,0.4,0.6,0.431,0.528,66555.48,66598.42,6.67,LOSS,-6.67,852.05
2026-03-29 11:05 UTC,5m,UP,0.081,0.4,1.0,0.491,0.525,66771.99,66767.96,9.76,LOSS,-9.76,842.29
2026-03-29 13:05 UTC,5m,DOWN,0.263,0.4,1.0,0.42,0.536,66542.88,66606.37,11.49,LOSS,-11.49,830.8
2026-03-29 14:00 UTC,5m,DOWN,0.186,1.0,1.0,0.459,0.531,66502.58,66522.75,3.75,LOSS,-3.75,827.05
2026-03-29 15:25 UTC,5m,DOWN,0.157,1.0,1.0,0.444,0.529,66420.74,66413.04,16.2,WIN,19.48,846.53
2026-03-29 17:20 UTC,5m,DOWN,0.154,1.0,1.0,0.419,0.529,66200.3,66262.41,34.36,LOSS,-34.36,812.17
2026-03-29 22:40 UTC,5m,DOWN,0.504,1.0,1.2,0.35,0.55,65684.25,65045.73,40.61,WIN,72.31,884.48
2026-03-29 22:45 UTC,5m,DOWN,0.572,1.0,1.2,0.35,0.554,65045.73,65465.48,44.22,LOSS,-44.22,840.26
2026-03-30 00:20 UTC,5m,DOWN,0.204,1.0,1.0,0.448,0.532,66609.54,66574.21,11.34,WIN,13.42,853.68
2026-03-30 01:45 UTC,5m,UP,0.169,1.0,0.6,0.498,0.53,66764.69,66642.24,13.99,LOSS,-13.99,839.69
2026-03-30 08:10 UTC,5m,UP,0.272,1.0,1.0,0.51,0.536,67893.92,67900.0,18.46,WIN,17.04,856.73
2026-03-30 11:25 UTC,5m,UP,0.179,1.0,0.6,0.512,0.531,67690.49,67594.25,7.31,LOSS,-7.31,849.42
2026-03-30 13:20 UTC,5m,UP,0.14,1.0,1.0,0.504,0.528,68030.02,67878.85,16.78,LOSS,-16.78,832.64
2026-03-30 17:20 UTC,5m,DOWN,0.297,1.0,0.6,0.403,0.538,66846.03,66805.26,22.86,WIN,32.51,865.15
2026-03-30 23:00 UTC,5m,DOWN,0.228,1.0,1.0,0.44,0.534,66492.19,66463.89,16.62,WIN,20.31,885.46
2026-03-31 00:50 UTC,5m,DOWN,0.144,0.4,1.0,0.45,0.529,67134.39,67208.75,5.32,LOSS,-5.32,880.14
2026-03-31 02:40 UTC,5m,UP,0.133,1.0,1.0,0.503,0.528,67989.27,67932.06,17.87,LOSS,-17.87,862.27
2026-03-31 07:10 UTC,5m,DOWN,0.238,0.4,0.6,0.442,0.534,67294.69,67143.7,3.5,WIN,4.24,866.51
2026-03-31 07:15 UTC,5m,DOWN,0.268,0.4,0.6,0.448,0.536,67143.7,67138.63,2.08,WIN,2.46,868.97
2026-03-31 08:40 UTC,5m,DOWN,0.241,1.0,1.0,0.428,0.534,66842.82,66915.3,24.93,LOSS,-24.93,844.04
2026-03-31 09:55 UTC,5m,DOWN,0.322,1.0,1.0,0.424,0.539,66124.99,66231.33,23.41,LOSS,-23.41,820.63
2026-03-31 11:05 UTC,5m,DOWN,0.081,1.0,0.6,0.43,0.525,66248.8,66576.68,17.49,LOSS,-17.49,803.14
2026-03-31 12:10 UTC,5m,DOWN,0.104,1.0,1.0,0.42,0.526,66576.18,66749.97,34.05,LOSS,-34.05,769.09
2026-03-31 14:50 UTC,5m,DOWN,0.175,0.4,1.2,0.401,0.53,66590.02,66587.45,19.73,WIN,28.29,797.38
2026-03-31 17:00 UTC,5m,UP,0.18,1.0,1.0,0.513,0.531,67795.95,67664.32,10.59,LOSS,-10.59,786.79
2026-03-31 23:15 UTC,5m,UP,0.144,1.0,0.6,0.5,0.529,68348.57,68259.99,11.27,LOSS,-11.27,775.52
2026-04-01 05:15 UTC,5m,UP,0.156,1.0,1.0,0.489,0.529,68478.71,68528.18,27.1,WIN,27.2,802.72
2026-04-01 06:20 UTC,5m,UP,0.191,1.0,1.0,0.501,0.531,68842.5,68859.77,20.69,WIN,19.8,822.52
2026-04-01 08:20 UTC,5m,UP,0.251,1.0,1.0,0.523,0.535,68665.79,68740.69,6.15,WIN,5.39,827.91
2026-04-01 15:50 UTC,5m,UP,0.214,1.0,0.6,0.524,0.533,68891.54,68918.52,2.02,WIN,1.76,829.67
2026-04-01 16:15 UTC,5m,UP,0.064,1.0,0.6,0.504,0.524,68747.85,68793.85,7.52,WIN,7.11,836.78
2026-04-01 18:00 UTC,5m,DOWN,0.272,1.0,1.0,0.457,0.536,68044.77,68043.81,1.31,WIN,1.49,838.27
2026-04-02 01:15 UTC,5m,DOWN,0.334,1.0,1.2,0.35,0.54,67598.0,67528.65,41.91,WIN,74.62,912.89
2026-04-02 01:20 UTC,5m,DOWN,0.135,1.0,1.2,0.457,0.528,67528.65,67586.77,10.08,LOSS,-10.08,902.81
2026-04-02 01:30 UTC,5m,DOWN,0.246,1.0,1.2,0.395,0.535,67333.54,67328.49,45.14,WIN,66.36,969.17
2026-04-02 02:10 UTC,5m,DOWN,0.325,1.0,1.2,0.387,0.54,66860.88,66942.0,48.46,LOSS,-48.46,920.71
2026-04-02 02:40 UTC,5m,DOWN,0.217,1.0,1.0,0.415,0.533,66705.79,66804.18,37.29,LOSS,-37.29,883.42
2026-04-02 08:35 UTC,5m,DOWN,0.086,1.0,0.6,0.435,0.525,66561.56,66511.17,16.49,WIN,20.57,903.99
2026-04-02 10:10 UTC,5m,DOWN,0.097,1.0,0.6,0.46,0.526,66262.53,66323.6,4.65,LOSS,-4.65,899.34
2026-04-02 13:30 UTC,5m,DOWN,0.155,1.0,1.0,0.441,0.529,65918.79,65794.18,20.05,WIN,24.41,923.75
2026-04-02 13:35 UTC,5m,DOWN,0.139,1.0,1.0,0.441,0.528,65794.18,65866.7,21.39,LOSS,-21.39,902.36
2026-04-02 14:25 UTC,5m,DOWN,0.121,1.0,1.2,0.438,0.527,66261.89,66526.58,28.91,LOSS,-28.91,873.45
2026-04-02 14:45 UTC,5m,DOWN,0.294,1.0,1.2,0.41,0.538,66753.33,66866.68,42.43,LOSS,-42.43,831.02
2026-04-03 00:55 UTC,5m,UP,0.039,0.4,1.0,0.513,0.522,66785.86,66777.7,1.5,LOSS,-1.5,829.52
2026-04-03 01:35 UTC,5m,DOWN,0.266,0.4,1.0,0.388,0.536,66514.17,66574.33,19.42,LOSS,-19.42,810.1
2026-04-03 02:35 UTC,5m,DOWN,0.201,1.0,1.2,0.427,0.532,66304.22,66349.55,30.76,LOSS,-30.76,779.34
2026-04-03 05:45 UTC,5m,DOWN,0.073,0.4,0.6,0.463,0.524,66696.84,66549.08,1.34,WIN,1.49,780.83
2026-04-04 15:10 UTC,5m,UP,0.133,1.0,1.2,0.502,0.528,67383.16,67413.69,19.94,WIN,19.0,799.83
2026-04-04 22:40 UTC,5m,UP,0.161,1.0,1.0,0.523,0.53,67465.19,67401.55,1.41,LOSS,-1.41,798.42
2026-04-05 05:50 UTC,5m,DOWN,0.18,1.0,1.0,0.442,0.531,66985.96,66931.65,16.03,WIN,19.43,817.85
2026-04-05 19:15 UTC,5m,UP,0.21,1.0,0.6,0.524,0.533,67519.99,67520.97,1.88,WIN,1.64,819.49
2026-04-05 21:45 UTC,5m,UP,0.075,1.0,1.0,0.491,0.524,67565.4,67624.19,23.17,WIN,23.07,842.56
2026-04-06 06:10 UTC,5m,UP,0.101,1.0,0.6,0.507,0.526,69309.24,69239.01,7.28,LOSS,-7.28,835.28
2026-04-06 16:10 UTC,5m,UP,0.267,1.0,0.6,0.518,0.536,70074.76,69999.41,6.84,LOSS,-6.84,828.44
2026-04-06 16:30 UTC,5m,UP,0.158,1.0,0.6,0.501,0.529,70010.0,70012.61,11.81,WIN,11.3,839.74
2026-04-06 16:45 UTC,5m,UP,0.184,1.0,0.6,0.503,0.531,70227.49,70029.01,11.8,LOSS,-11.8,827.94
2026-04-06 22:00 UTC,5m,DOWN,0.22,1.0,0.6,0.457,0.533,69428.14,69511.69,2.22,LOSS,-2.22,825.72
2026-04-06 22:20 UTC,5m,DOWN,0.178,1.0,1.0,0.451,0.531,69322.3,69368.61,10.11,LOSS,-10.11,815.61
2026-04-06 22:30 UTC,5m,DOWN,0.159,1.0,1.0,0.437,0.53,69274.81,69324.04,20.8,LOSS,-20.8,794.81
2026-04-06 22:50 UTC,5m,DOWN,0.23,1.0,1.0,0.437,0.534,68944.6,68811.0,17.24,WIN,21.33,816.14
2026-04-06 22:55 UTC,5m,DOWN,0.255,1.0,1.0,0.428,0.535,68811.0,68670.91,22.81,WIN,29.27,845.41
2026-04-06 23:00 UTC,5m,DOWN,0.269,1.0,1.0,0.431,0.536,68670.91,68635.87,20.88,WIN,26.47,871.88
2026-04-07 04:15 UTC,5m,DOWN,0.043,1.0,0.6,0.47,0.523,68602.14,68591.3,1.21,WIN,1.31,873.19
2026-04-07 10:25 UTC,5m,DOWN,0.249,1.0,1.0,0.458,0.535,68736.99,68738.08,1.67,LOSS,-1.67,871.52
2026-04-07 10:35 UTC,5m,DOWN,0.263,1.0,1.0,0.45,0.536,68550.01,68474.2,7.37,WIN,8.65,880.17
2026-04-07 10:50 UTC,5m,DOWN,0.362,1.0,1.2,0.446,0.542,68274.0,68237.93,7.0,WIN,8.35,888.52
2026-04-07 14:00 UTC,5m,DOWN,0.095,1.0,1.0,0.466,0.526,68115.01,67859.35,2.77,WIN,3.05,891.57
2026-04-07 14:05 UTC,5m,DOWN,0.236,1.0,1.0,0.452,0.534,67859.35,67891.76,7.26,LOSS,-7.26,884.31
2026-04-07 18:50 UTC,5m,DOWN,0.152,0.4,0.6,0.443,0.529,68396.71,68442.53,4.4,LOSS,-4.4,879.91
2026-04-07 21:00 UTC,5m,UP,0.124,1.0,1.0,0.507,0.527,69390.0,69895.51,13.92,WIN,13.0,892.91
2026-04-07 22:00 UTC,5m,UP,0.206,1.0,1.0,0.521,0.532,70073.15,70211.92,5.99,WIN,5.29,898.2
2026-04-07 22:05 UTC,5m,UP,0.203,1.0,1.2,0.521,0.532,70211.92,70289.99,7.03,WIN,6.21,904.41
2026-04-08 04:05 UTC,5m,UP,0.091,1.0,0.6,0.517,0.525,71499.1,71521.27,1.96,WIN,1.76,906.17
2026-04-08 12:10 UTC,5m,UP,0.159,1.0,1.0,0.514,0.53,71837.75,71770.0,9.93,LOSS,-9.93,896.24
2026-04-08 14:35 UTC,5m,UP,0.206,0.4,1.2,0.497,0.532,71125.76,71091.78,13.11,LOSS,-13.11,883.13
2026-04-08 17:30 UTC,5m,UP,0.089,1.0,0.6,0.505,0.525,71739.26,71833.39,8.29,WIN,7.81,890.94
2026-04-08 18:40 UTC,5m,DOWN,0.178,0.4,0.6,0.412,0.531,71299.99,71279.42,9.59,WIN,13.14,904.08
2026-04-08 22:55 UTC,5m,DOWN,0.196,1.0,1.0,0.435,0.532,71064.84,70958.61,22.8,WIN,28.44,932.52
2026-04-08 23:00 UTC,5m,DOWN,0.216,1.0,1.0,0.439,0.533,70958.61,71000.0,19.32,LOSS,-19.32,913.2
2026-04-09 11:25 UTC,5m,DOWN,0.206,0.4,0.6,0.451,0.532,71078.85,71129.16,2.34,LOSS,-2.34,910.86
2026-04-09 13:30 UTC,5m,DOWN,0.071,0.4,1.0,0.443,0.524,70986.61,70952.31,9.15,WIN,11.05,921.91
2026-04-09 15:20 UTC,5m,UP,0.155,1.0,1.2,0.502,0.529,71474.46,71341.15,25.02,LOSS,-25.02,896.89
2026-04-09 15:50 UTC,5m,UP,0.197,1.0,1.2,0.517,0.532,72231.96,72141.99,11.06,LOSS,-11.06,885.83
2026-04-09 19:05 UTC,5m,UP,0.115,1.0,0.6,0.5,0.527,72058.0,72033.76,11.76,LOSS,-11.76,874.07
2026-04-09 19:40 UTC,5m,UP,0.135,1.0,0.6,0.517,0.528,72116.21,72239.66,3.35,WIN,3.01,877.08
2026-04-09 20:30 UTC,5m,UP,0.238,1.0,0.6,0.508,0.534,72436.32,72383.78,11.5,LOSS,-11.5,865.58
2026-04-10 00:15 UTC,5m,DOWN,0.204,0.4,0.6,0.415,0.532,71623.3,71663.96,8.55,LOSS,-8.55,857.03
2026-04-10 11:05 UTC,5m,UP,0.225,1.0,0.6,0.51,0.534,72106.63,72121.99,9.81,WIN,9.05,866.08
2026-04-10 11:35 UTC,5m,UP,0.297,1.0,0.6,0.526,0.538,72240.0,72186.01,3.78,LOSS,-3.78,862.3
2026-04-10 12:45 UTC,5m,UP,0.071,1.0,1.0,0.492,0.524,72401.95,72208.48,23.37,LOSS,-23.37,838.93
2026-04-10 14:00 UTC,5m,UP,0.086,1.0,1.2,0.508,0.525,72432.86,72435.6,12.57,WIN,11.69,850.62
2026-04-10 14:30 UTC,5m,UP,0.18,1.0,1.2,0.508,0.531,73075.21,73065.97,18.65,LOSS,-18.65,831.97
2026-04-10 16:55 UTC,5m,UP,0.2,1.0,0.6,0.51,0.532,72992.33,72886.07,8.75,LOSS,-8.75,823.22
2026-04-10 19:50 UTC,5m,UP,0.066,1.0,0.6,0.507,0.524,73097.06,73236.11,6.05,WIN,5.65,828.87
2026-04-11 12:40 UTC,5m,UP,0.112,0.4,0.6,0.49,0.527,72962.73,72952.0,6.25,LOSS,-6.25,822.62
2026-04-11 17:30 UTC,5m,UP,0.154,1.0,1.0,0.502,0.529,73161.57,73127.31,18.55,LOSS,-18.55,804.07
2026-04-11 18:45 UTC,5m,UP,0.166,1.0,1.2,0.517,0.53,73548.67,73507.33,8.03,LOSS,-8.03,796.04
2026-04-11 19:30 UTC,5m,UP,0.148,1.0,1.2,0.481,0.529,73694.11,73659.83,39.8,LOSS,-39.8,756.24
2026-04-12 00:00 UTC,5m,DOWN,0.145,1.0,1.0,0.449,0.529,72900.77,73003.54,11.98,LOSS,-11.98,744.26
2026-04-12 01:30 UTC,5m,DOWN,0.393,1.0,0.6,0.381,0.544,72606.01,72242.03,25.61,WIN,39.92,784.18
2026-04-12 01:35 UTC,5m,DOWN,0.417,1.0,1.0,0.385,0.545,72242.03,71735.99,39.21,WIN,60.1,844.28
2026-04-12 01:40 UTC,5m,DOWN,0.505,1.0,1.2,0.35,0.55,71735.99,71405.4,42.21,WIN,75.16,919.44
2026-04-12 01:45 UTC,5m,DOWN,0.434,1.0,1.2,0.407,0.546,71405.4,71675.6,39.37,LOSS,-39.37,880.07
